agcnum,radeg,decdeg,distMpc,Vcmb,logL_V,logMH,gas2L_V,AbsMag_i,logL_i,gas2L_i
102728,  0.0892, 31.022,  9.1,  236., 6.31, 6.78, 0.4736,-10.77, 6.1410, 0.6390
102735,  0.5054, 30.983, 40.6, 2548., 7.97, 8.84, 0.8664,-15.01, 7.8371, 1.0029
     8,  0.8117, 16.146, 13.2,  695., 9.64, 8.96,-0.6756,-20.24, 9.9292,-0.9692
    17,  0.9300, 15.218, 12.8,  520., 8.02, 8.41, 0.3874,-15.34, 7.9662, 0.4438
102736,  0.9671, 30.279, 41.4, 2605., 8.95, 8.61,-0.3413,-17.86, 8.9758,-0.3658
100037,  1.5104, 27.349, 44.8, 2845., 8.85, 8.76,-0.0930,-17.34, 8.7693,-0.0093
748778,  1.6429, 15.511,  4.6,  -97., 5.40, 6.36, 0.9605, -8.47, 5.2204, 1.1396
102558,  1.7692, 27.024, 41.7, 2625., 7.97, 8.27, 0.2977,-15.15, 7.8939, 0.3761
748779,  1.9658, 15.755, 12.4,  496., 5.65, 7.09, 1.4357, -9.74, 5.7299, 1.3601
    75,  2.1929, 15.816, 12.5,  501., 8.98, 8.82,-0.1567,-17.87, 8.9784,-0.1584
101812,  2.2033, 14.034, 27.0, 1562., 7.47, 8.73, 1.2644,-13.84, 7.3678, 1.3622
102624,  2.2642, 25.463, 19.9, 1053., 8.07, 7.82,-0.2453,-15.35, 7.9716,-0.1516
100062,  2.4708, 15.735, 12.7,  516., 7.89, 7.82,-0.0656,-15.05, 7.8524,-0.0324
101772,  2.7858, 14.240, 11.7,  448., 7.37, 7.54, 0.1719,-13.61, 7.2769, 0.2631
101813,  3.0612, 15.257, 26.7, 1549., 7.80, 7.74,-0.0557,-14.87, 7.7788,-0.0388
102302,  3.2013, 14.525, 25.7, 1477., 8.01, 8.79, 0.7824,-15.15, 7.8932, 0.8968
   119,  3.2629, 14.409, 28.4, 1673., 9.31, 9.16,-0.1524,-18.70, 9.3136,-0.1536
100726,  3.4108, 15.675, 27.3, 1592., 7.87, 8.79, 0.9207,-14.90, 7.7900, 1.0000
101814,  3.5733, 15.852, 27.3, 1596., 7.47, 7.86, 0.3933,-14.06, 7.4544, 0.4056
   290,  7.2850, 15.899, 11.1,  419., 7.70, 8.37, 0.6711,-14.39, 7.5869, 0.7831
102655,  7.5567, 24.300, 23.1, 1318., 7.73, 7.81, 0.0827,-14.55, 7.6512, 0.1588
102229,  9.6000, 25.436, 45.9, 2987., 8.38, 8.94, 0.5577,-16.06, 8.2569, 0.6831
102665, 10.6104, 25.184, 45.4, 2960., 8.90, 9.14, 0.2386,-17.70, 8.9100, 0.2300
102670, 11.3263, 24.145, 27.9, 1700., 7.98, 8.14, 0.1638,-15.10, 7.8722, 0.2678
113910, 18.7254, 31.272, 31.2, 2005., 8.16, 8.43, 0.2737,-15.52, 8.0399, 0.3901
113753, 20.2588, 26.089, 42.2, 2805., 8.02, 8.33, 0.3052,-15.35, 7.9713, 0.3587
113921, 21.2033, 31.311, 31.4, 2039., 7.92, 8.34, 0.4175,-15.28, 7.9449, 0.3951
110379, 22.5642, 14.677, 33.1, 2145., 8.28, 9.20, 0.9194,-16.04, 8.2483, 0.9517
  1084, 22.8421, 23.954, 46.4, 3121., 8.72, 9.50, 0.7759,-17.15, 8.6905, 0.8095
112454, 23.2488, 14.373,  9.3,  368., 7.45, 8.01, 0.5644,-14.01, 7.4343, 0.5757
114027, 23.6737, 14.643, 10.1,  432., 6.54, 7.40, 0.8576,-11.93, 6.6026, 0.7974
112465, 23.7921, 24.007, 45.0, 3025., 8.89, 9.52, 0.6316,-17.69, 8.9092, 0.6108
112455, 24.1012, 14.529, 35.7, 2340., 8.88, 8.44,-0.4410,-17.64, 8.8870,-0.4470
112504, 24.1704, 15.087, 35.4, 2325., 8.13, 8.42, 0.2873,-15.82, 8.1602, 0.2598
748819, 24.3546, 14.661, 35.0, 2294., 7.79, 8.78, 0.9928,-14.48, 7.6257, 1.1543
112503, 24.5012, 14.983, 10.2,  447., 7.03, 7.14, 0.1098,-13.28, 7.1431,-0.0031
  1195, 25.6125, 13.977, 10.6,  480., 8.68, 8.86, 0.1801,-16.90, 8.5919, 0.2681
  1211, 25.9788, 13.806, 32.4, 2112., 8.71, 8.98, 0.2729,-17.17, 8.7009, 0.2791
  1244, 26.7062, 24.465, 42.1, 2843., 9.30, 9.34, 0.0421,-18.59, 9.2698, 0.0702
113730, 28.4758, 23.913, 39.2, 2642., 8.77, 8.89, 0.1214,-17.31, 8.7580, 0.1320
112457, 29.8612, 14.834, 28.1, 1824., 8.72, 8.23,-0.4896,-17.35, 8.7740,-0.5440
122880, 37.0071, 25.525, 24.3, 1595., 8.21, 7.83,-0.3835,-15.58, 8.0640,-0.2340
122401, 37.0812, 26.125, 23.0, 1495., 8.80, 8.19,-0.6132,-17.37, 8.7792,-0.5892
  1970, 37.4754, 25.256, 28.8, 1678., 8.97, 9.14, 0.1689,-18.12, 9.0786, 0.0614
122400, 37.8421, 25.712, 12.7,  705., 4.58, 7.53, 2.9499, -4.44, 3.6079, 3.9221
122207, 37.8421, 26.198, 33.4, 2280., 8.27, 8.99, 0.7188,-16.25, 8.3336, 0.6564
122212, 37.9142, 27.179, 13.3,  747., 8.07, 7.36,-0.7128,-15.64, 8.0899,-0.7299
122884, 38.2225, 25.154, 32.4, 2202., 8.17, 9.17, 0.9965,-15.57, 8.0609, 1.1091
122138, 38.3162, 28.181, 13.7,  784., 5.84, 8.08, 2.2432,-10.58, 6.0629, 2.0171
122217, 38.3846, 27.020, 22.1, 1431., 6.54, 8.11, 1.5705,-14.49, 7.6281, 0.4819
122218, 38.8133, 28.021, 35.9, 2467., 6.81, 9.14, 2.3287,-12.50, 6.8324, 2.3076
  2082, 39.0675, 25.423, 14.7,  480., 9.16, 9.38, 0.2225,-18.44, 9.2066, 0.1734
121174, 39.5692, 29.906,  9.7,  473., 6.47, 8.18, 1.7108,-11.57, 6.4598, 1.7202
122420, 39.7083, 27.366, 19.5, 1241., 7.93, 8.00, 0.0734,-14.71, 7.7153, 0.2847
  2141, 39.8117, 30.151, 13.4,  766., 9.40, 9.27,-0.1310,-19.01, 9.4368,-0.1668
122790, 39.9658, 30.272, 11.2,  592., 7.23, 8.38, 1.1522,-12.99, 7.0261, 1.3539
122219, 40.2317, 26.668, 19.7, 1261., 7.01, 7.66, 0.6523,-12.31, 6.7572, 0.9028
122421, 40.3821, 26.629, 21.1, 1366., 8.40, 7.95,-0.4471,-16.36, 8.3773,-0.4273
  2183, 40.7017, 28.573, 32.2, 1324.,10.18, 9.84,-0.3407,-21.15,10.2918,-0.4518
123170, 41.0133, 29.289, 12.1,  672., 7.14, 7.68, 0.5365,-14.07, 7.4585, 0.2215
  2221, 41.2417, 30.378, 11.5,  621., 7.86, 8.07, 0.2119,-14.75, 7.7325, 0.3375
121819, 41.2671, 32.161, 21.1, 1371., 7.35, 9.11, 1.7585, -1.08, 2.2659, 6.8441
123057, 42.9229, 32.103, 19.5, 1262., 5.17, 7.79, 2.6182, -7.61, 4.8772, 2.9128
  3876,112.3233, 27.900, 24.0, 1024., 9.42, 9.41,-0.0102,-19.03, 9.4444,-0.0344
174653,113.3350, 26.374, 34.1, 2489., 7.09, 9.05, 1.9581,-13.07, 7.0607, 1.9893
171559,115.4758, 23.872, 33.7, 2452., 8.86, 8.86, 0.0022,-17.57, 8.8613,-0.0013
171459,116.1821, 25.141, 11.8,  946., 6.93, 7.39, 0.4560,-12.72, 6.9188, 0.4712
  4054,117.7333, 23.896, 26.3, 2313., 9.32, 9.28,-0.0376,-18.80, 9.3530,-0.0730
174514,118.1288, 11.828, 30.4, 2205., 7.03, 8.26, 1.2276,-12.65, 6.8937, 1.3663
174616,118.4533, 10.148, 29.9, 2168., 8.36, 8.38, 0.0154,-16.29, 8.3463, 0.0337
  4115,119.2579, 14.391,  7.7,  563., 7.67, 8.51, 0.8361,-14.05, 7.4515, 1.0585
171483,119.5512, 11.021, 35.8, 2571., 8.62, 9.36, 0.7423,-17.05, 8.6535, 0.7065
174720,119.7750,  6.734, 39.7, 2826., 8.39, 8.61, 0.2230,-16.10, 8.2734, 0.3366
174621,119.8454,  9.618, 39.7, 2839., 8.66, 8.66,-0.0027,-16.80, 8.5539, 0.1061
  4152,119.9671,  5.608, 40.1, 2855., 9.61, 9.27,-0.3415,-19.47, 9.6188,-0.3488
171243,120.1963,  8.639, 39.0, 2783., 8.81, 9.02, 0.2079,-17.38, 8.7850, 0.2350
188992,120.3258,  7.512, 38.9, 2773., 8.35, 8.38, 0.0260,-16.26, 8.3378, 0.0422
188848,120.5333,  9.649, 36.2, 2601., 8.19, 9.03, 0.8441,-15.79, 8.1482, 0.8818
181471,120.8525, 15.141, 30.3, 2210., 7.45, 8.36, 0.9100,-12.88, 6.9830, 1.3770
182460,120.9329, 10.149, 39.1, 2798., 8.30, 8.60, 0.3048,-15.88, 8.1858, 0.4142
181474,121.5529, 15.504, 30.4, 2217., 6.44, 8.45, 2.0104,-11.15, 6.2902, 2.1598
188728,121.8308,  5.037, 43.4, 3079., 8.72, 9.07, 0.3474,-17.08, 8.6657, 0.4043
712516,121.9117, 10.981, 27.7, 2028., 8.09, 7.79,-0.3033,-15.23, 7.9245,-0.1345
182490,122.1996,  5.116, 40.4, 2876., 7.51, 8.89, 1.3814,-13.99, 7.4272, 1.4628
188862,122.3242,  8.727, 17.2, 1335., 6.58, 7.54, 0.9574,-11.93, 6.6051, 0.9349
182466,123.8867,  9.233, 29.6, 2157., 7.22, 8.59, 1.3662,-13.42, 7.2018, 1.3882
188869,124.2008,  7.819, 37.0, 2655., 7.43, 8.35, 0.9151,-13.53, 7.2420, 1.1080
180156,124.2267, 24.177, 31.5, 2310., 9.34, 8.93,-0.4113,-18.78, 9.3430,-0.4130
181493,124.2829, 24.563, 32.1, 2351., 7.48, 8.52, 1.0376,-14.00, 7.4306, 1.0894
  4315,124.5058, 24.736, 41.9, 2286., 9.60, 9.90, 0.2958,-19.04, 9.4486, 0.4514
182545,124.5346, 24.502, 31.7, 2328., 8.15, 8.40, 0.2462,-15.56, 8.0575, 0.3425
180181,124.5821, 24.526, 33.4, 2446., 8.92, 8.83,-0.0909,-17.64, 8.8889,-0.0589
188955,125.4042,  4.317, 11.8, 1023., 7.22, 7.30, 0.0754,-12.97, 7.0197, 0.2803
188762,125.8804, 15.151, 38.7, 2795., 7.66, 8.38, 0.7242,-13.49, 7.2263, 1.1537
188957,125.9208,  3.897, 33.7, 2436., 7.26, 8.35, 1.0889,-13.30, 7.1529, 1.1971
  4385,125.9667, 14.752, 30.3, 2220., 9.42, 9.36,-0.0576,-18.86, 9.3742,-0.0142
  4394,126.4354, 27.874, 31.4, 2309., 9.57, 8.47,-1.0987,-19.45, 9.6105,-1.1405
  4395,126.4483, 28.118, 32.8, 2411., 9.18, 9.02,-0.1622,-18.38, 9.1841,-0.1641
182561,126.6408, 25.500, 32.6, 2392., 8.30, 7.85,-0.4544,-16.35, 8.3729,-0.5229
188875,126.6275, 11.787, 29.3, 2149., 8.24, 7.94,-0.2965,-15.77, 8.1410,-0.2010
749387,126.7350, 24.729, 34.4, 2519., 6.79, 8.11, 1.3190,-11.78, 6.5422, 1.5678
182563,126.7958, 25.243, 29.7, 2187., 8.60, 8.22,-0.3754,-16.84, 8.5677,-0.3477
182564,126.8033, 26.858, 28.2, 2087., 8.16, 8.41, 0.2457,-15.58, 8.0621, 0.3479
180283,126.8217, 25.879, 35.7, 2609., 9.76, 9.04,-0.7217,-20.09, 9.8668,-0.8268
  4418,126.8658, 25.724, 33.8, 2474., 9.02, 8.96,-0.0617,-17.98, 9.0235,-0.0635
180737,127.0762, 25.790, 34.1, 2495., 7.73, 7.95, 0.2228,-15.19, 7.9081, 0.0419
180293,127.0933, 25.125, 32.8, 2406., 9.49, 8.39,-1.1048,-19.27, 9.5389,-1.1489
180687,127.2758, 26.868, 32.5, 2385., 6.16, 8.66, 2.4965,-11.17, 6.2987, 2.3613
182568,127.3400, 25.886, 32.0, 2353., 8.50, 8.34,-0.1639,-16.45, 8.4101,-0.0701
181566,127.4967, 25.487, 33.1, 2429., 8.01, 8.20, 0.1934,-15.38, 7.9857, 0.2143
181765,127.8400,  7.000, 28.9, 2124., 8.63, 9.15, 0.5192,-16.77, 8.5397, 0.6103
188998,128.0750,  7.199, 31.3, 2282., 8.11, 8.07,-0.0367,-15.58, 8.0651, 0.0049
182575,128.3987, 25.146, 33.8, 2478., 7.95, 8.28, 0.3260,-14.96, 7.8170, 0.4630
180350,128.4267, 27.712, 33.5, 2463., 9.27, 8.97,-0.2998,-18.56, 9.2576,-0.2876
181949,129.1383,  5.178, 29.2, 2147., 7.49, 8.80, 1.3142,-14.13, 7.4828, 1.3172
181770,129.3979,  7.809, 31.2, 2283., 8.65, 8.75, 0.1009,-16.98, 8.6255, 0.1245
  4524,130.0604,  5.635, 30.3, 2223., 8.82, 9.17, 0.3487,-17.27, 8.7387, 0.4313
182493,130.0912,  7.891, 31.2, 2283., 7.99, 8.52, 0.5334,-15.01, 7.8376, 0.6824
  4533,130.3825,  4.981, 30.3, 2228., 9.80, 9.24,-0.5611,-19.99, 9.8296,-0.5896
181874,130.6075,  6.594, 35.1, 2547., 8.28, 8.15,-0.1326,-16.06, 8.2548,-0.1048
  4540,130.6454, 10.584, 31.8, 2324., 9.04, 9.31, 0.2665,-17.99, 9.0295, 0.2805
  4541,130.6654, 14.285, 31.9, 2335.,10.26, 9.04,-1.2191,-21.42,10.4017,-1.3617
180447,130.7004, 14.265, 30.9, 2267., 9.26, 8.76,-0.5038,-18.45, 9.2103,-0.4503
  4550,130.8163, 13.086, 32.0, 2340., 9.58, 9.70, 0.1221,-19.51, 9.6340, 0.0660
180485,131.6971, 13.707, 33.0, 2416., 8.78, 8.61,-0.1728,-17.48, 8.8256,-0.2156
182461,131.7404, 13.431, 34.2, 2494., 8.54, 8.45,-0.0941,-16.87, 8.5802,-0.1302
  4599,131.9238, 13.419, 32.0, 2348., 9.37,10.04, 0.6685,-19.22, 9.5216, 0.5184
181139,132.0146, 25.334, 29.8, 2199., 8.25, 8.30, 0.0518,-15.85, 8.1706, 0.1294
188857,132.4225,  9.123, 32.3, 2366., 6.59, 8.28, 1.6937,-10.08, 5.8622, 2.4178
182592,132.4863, 25.684, 36.9, 2697., 8.63, 8.82, 0.1925,-16.90, 8.5914, 0.2286
  4626,132.7546, 24.319, 41.0, 2985., 8.65, 9.39, 0.7370,-16.68, 8.5042, 0.8858
182595,132.8004, 27.880,  5.9,  641., 6.84, 6.53,-0.3126,-12.46, 6.8178,-0.2878
749392,132.8896, 24.973, 38.8, 2835., 8.48, 8.98, 0.5048,-16.73, 8.5231, 0.4569
182462,133.1408, 13.841, 23.9, 1796., 8.02, 8.57, 0.5543,-15.29, 7.9487, 0.6213
182601,134.5025, 25.698, 29.1, 2153., 8.18, 8.17,-0.0134,-15.73, 8.1248, 0.0452
189001,134.6829,  7.442, 31.5, 2315., 8.22, 8.39, 0.1712,-15.99, 8.2292, 0.1608
182489,134.7254,  5.526, 30.9, 2277., 7.40, 8.95, 1.5465,-13.49, 7.2265, 1.7235
188732,134.8375,  4.942, 38.2, 2770., 6.53, 8.73, 2.1970,-10.58, 6.0625, 2.6675
  4712,134.8483, 11.135, 31.3, 2307., 8.88, 8.87,-0.0083,-17.50, 8.8328, 0.0372
  4722,135.0975, 25.611, 27.6, 2047., 8.92, 9.40, 0.4752,-17.28, 8.7421, 0.6579
  4732,135.2625, 11.097, 32.2, 2369., 9.37, 9.09,-0.2777,-18.94, 9.4087,-0.3187
  4741,135.5346,  8.301, 39.8, 2881.,10.00, 8.94,-1.0610,-20.45,10.0119,-1.0719
  4744,135.6613, 25.934, 37.0, 2708., 9.99, 9.72,-0.2728,-20.68,10.1029,-0.3829
194002,135.9317, 25.312, 38.1, 2785., 8.18, 8.52, 0.3357,-15.64, 8.0895, 0.4305
191916,136.3154, 10.043, 32.1, 2362., 7.98, 8.08, 0.1025,-15.23, 7.9238, 0.1562
  4764,136.3596, 25.551, 44.0, 3200., 9.28, 9.51, 0.2346,-18.42, 9.1985, 0.3115
198347,136.3996,  9.264, 38.1, 2773., 7.10, 8.75, 1.6523,-13.39, 7.1897, 1.5603
191733,136.4225, 25.541, 43.3, 3155., 6.64, 9.01, 2.3681,-12.10, 6.6701, 2.3399
  4769,136.4492, 25.437, 40.2, 2936., 9.67, 9.93, 0.2578,-19.86, 9.7757, 0.1543
749396,136.4854, 25.351, 38.1, 2784., 7.54, 8.75, 1.2130,-14.06, 7.4552, 1.2948
194009,136.5038, 25.470, 41.9, 3052., 8.41, 8.90, 0.4935,-15.90, 8.1916, 0.7084
194010,136.5517, 25.784, 39.4, 2880., 8.32, 8.61, 0.2898,-16.20, 8.3129, 0.2971
  4781,136.6438,  6.303, 22.9, 1745., 8.86, 9.34, 0.4837,-17.11, 8.6777, 0.6623
721352,136.7842, 25.343, 41.8, 3047., 9.75, 8.53,-1.2192,-19.88, 9.7820,-1.2520
749397,136.8800, 25.172, 36.1, 2644., 7.65, 9.07, 1.4153,-14.61, 7.6754, 1.3946
  4797,137.0442,  5.927, 20.9, 1616., 8.62, 8.79, 0.1710,-16.77, 8.5396, 0.2504
192558,137.1000,  6.952, 24.8, 1877., 8.28, 7.73,-0.5497,-16.02, 8.2418,-0.5118
191702,137.1521,  5.292,  8.7,  905., 6.66, 7.74, 1.0762,-12.35, 6.7726, 0.9674
191791,137.2242, 14.584,  9.5,  628., 6.31, 6.77, 0.4637,-11.22, 6.3200, 0.4500
194012,137.2846, 26.603, 42.1, 3075., 9.12, 8.53,-0.5926,-18.30, 9.1531,-0.6231
191089,137.3933, 25.222, 35.2, 2581., 8.96, 8.40,-0.5575,-17.98, 9.0225,-0.6225
194013,137.3950, 26.609, 41.7, 3040., 8.94, 9.11, 0.1657,-17.78, 8.9435, 0.1665
  4820,137.5838,  7.038, 21.6, 1660.,10.31, 8.55,-1.7593,-21.62,10.4783,-1.9283
  4823,137.6742,  7.206, 23.8, 1806., 9.24, 9.06,-0.1803,-18.43, 9.2029,-0.1429
  4845,138.1071,  9.955, 32.8, 2416., 9.36, 9.68, 0.3166,-18.73, 9.3231, 0.3569
192475,138.1942,  8.939, 20.8, 1606., 7.63, 8.23, 0.5965,-14.33, 7.5621, 0.6679
198507,138.8575, 25.419,  7.4,  771., 6.29, 6.95, 0.6602,-10.86, 6.1745, 0.7755
192311,138.9563,  9.648, 41.9, 3039., 8.36, 8.37, 0.0055,-16.19, 8.3072, 0.0628
198354,139.1288,  9.173, 20.7, 1604., 7.38, 7.47, 0.0912,-13.65, 7.2922, 0.1778
  4902,139.2721, 25.429, 26.1, 1945., 9.55, 8.27,-1.2829,-19.36, 9.5761,-1.3061
190238,140.2492, 11.059, 21.3, 1642., 8.59, 8.66, 0.0670,-17.01, 8.6373, 0.0227
191894,140.3125,  9.731, 21.9, 1680., 7.80, 7.39,-0.4071,-14.95, 7.8128,-0.4228
193816,140.3633,  7.364, 22.2, 1705., 8.11, 8.44, 0.3300,-14.54, 7.6472, 0.7928
194045,140.5712, 27.691, 29.7, 2196., 8.04, 8.37, 0.3285,-15.38, 7.9855, 0.3845
198508,140.7375, 24.947,  7.7,  794., 6.82, 6.71,-0.1067,-12.14, 6.6896, 0.0204
191176,140.7950, 26.818, 37.5, 2747., 9.30, 9.03,-0.2726,-18.58, 9.2626,-0.2326
749401,141.0862, 25.661, 41.4, 3024., 6.95, 8.84, 1.8883,-12.11, 6.6754, 2.1646
  5030,141.6500,  7.954, 33.4, 2469.,10.11, 9.00,-1.1063,-20.66,10.0972,-1.0972
198454,142.0471,  7.544, 22.0, 1694., 7.14, 7.85, 0.7146,-13.16, 7.0976, 0.7524
749406,142.2504, 25.049, 26.0, 1940., 6.95, 7.76, 0.8079,-12.06, 6.6548, 1.1052
  5056,142.3758,  7.718, 33.3, 2465.,10.19, 9.65,-0.5417,-21.28,10.3433,-0.6933
192137,142.4658, 11.927, 25.7, 1934., 8.11, 8.74, 0.6254,-15.20, 7.9113, 0.8287
  5064,142.5425,  7.902, 31.5, 2344., 9.72, 8.47,-1.2476,-19.93, 9.8027,-1.3327
194060,142.9008, 27.296, 24.0, 1794., 7.75, 8.08, 0.3293,-14.48, 7.6244, 0.4556
  5081,143.0262,  8.441, 33.2, 2461.,10.17, 9.10,-1.0719,-21.17,10.3004,-1.2004
192607,143.0925,  7.302, 33.0, 2443., 8.18, 8.41, 0.2325,-15.44, 8.0086, 0.4014
192354,143.4733,  9.205, 35.9, 2643., 8.31, 8.91, 0.6049,-15.98, 8.2248, 0.6852
190362,143.5125, 11.006, 38.5, 2816., 9.20, 8.27,-0.9310,-18.62, 9.2801,-1.0101
191249,143.6862,  6.426,  7.6,  878., 7.87, 7.69,-0.1838,-15.13, 7.8857,-0.1957
  5102,143.6979, 10.283, 34.7, 2747.,10.11, 9.28,-0.8287,-20.71,10.1161,-0.8361
  5107,143.7804,  5.119, 34.4, 2337., 9.16, 9.39, 0.2275,-17.91, 8.9980, 0.3920
192730,144.0358,  6.257, 37.2, 2738., 8.67, 8.35,-0.3193,-17.07, 8.6596,-0.3096
198335,144.2683,  9.966, 24.2, 1839., 7.03, 7.72, 0.6889,-12.02, 6.6394, 1.0806
198430,144.3479,  4.099, 31.4, 2347., 7.72, 8.10, 0.3823,-14.52, 7.6407, 0.4593
191707,144.4479, 27.567, 25.1, 1871., 8.38, 8.64, 0.2644,-16.04, 8.2488, 0.3912
192830,144.8429,  4.952, 29.5, 2217., 8.66, 8.87, 0.2084,-17.01, 8.6344, 0.2356
192937,145.0879,  4.735, 30.9, 2315., 8.02, 7.83,-0.1923,-15.30, 7.9537,-0.1237
191287,145.1800,  3.960, 21.3, 1668., 8.77, 8.42,-0.3475,-17.24, 8.7297,-0.3097
192833,145.2346,  5.045, 29.3, 2203., 8.28, 8.42, 0.1399,-15.99, 8.2277, 0.1923
  5167,145.2246,  5.166, 30.5, 2290.,10.05, 9.01,-1.0367,-20.98,10.2239,-1.2139
  5181,145.5479,  4.673, 31.7, 2374., 9.79, 9.30,-0.4918,-20.11, 9.8754,-0.5754
198337,145.7133,  9.633, 23.4, 1787., 6.38, 7.92, 1.5442,-11.56, 6.4549, 1.4651
193813,145.7121,  4.890, 30.3, 2272., 8.43, 8.15,-0.2813,-16.44, 8.4065,-0.2565
192835,145.7592,  5.029, 30.6, 2296., 8.02, 8.50, 0.4795,-15.23, 7.9243, 0.5757
193802,146.0829, 10.059, 23.5, 1798., 7.00, 8.00, 0.9956,-12.75, 6.9340, 1.0660
191849,146.1546, 10.013, 23.7, 1809., 8.16, 8.45, 0.2939,-15.37, 7.9791, 0.4709
190472,146.1825,  9.615,  7.4,  868., 7.99, 7.79,-0.2034,-15.34, 7.9660,-0.1760
191869,146.2454,  8.370, 27.3, 2062., 8.38, 8.92, 0.5428,-16.46, 8.4165, 0.5035
198338,146.5350,  8.718, 39.7, 2911., 7.71, 8.35, 0.6425,-14.42, 7.6012, 0.7488
198456,146.6767,  7.135, 29.5, 2218., 7.63, 8.18, 0.5511,-14.13, 7.4823, 0.6977
191803,147.0246,  7.129,  7.2,  868., 7.28, 7.33, 0.0509,-13.58, 7.2647, 0.0653
193921,147.3121, 15.807, 23.3, 1766., 7.28, 7.90, 0.6242,-13.20, 7.1118, 0.7882
  5271,147.5279, 12.813, 21.9, 1763., 9.28, 9.64, 0.3600,-18.45, 9.2112, 0.4288
191353,147.5450, 28.013, 23.1, 1728., 8.66, 8.74, 0.0809,-16.91, 8.5971, 0.1429
731420,147.5708, 27.305, 22.5, 1692., 7.92, 8.08, 0.1575,-15.17, 7.9003, 0.1797
  5275,147.6133, 12.765, 22.8, 1743., 9.42, 9.59, 0.1722,-18.83, 9.3626, 0.2274
191881,147.6767,  8.732, 43.3, 3159., 8.72, 8.66,-0.0584,-17.28, 8.7448,-0.0848
  5288,147.8208,  7.828,  6.8,  891., 7.97, 8.38, 0.4052,-15.25, 7.9333, 0.4467
191885,148.1463,  8.199, 41.6, 3045., 8.87, 8.82,-0.0474,-17.67, 8.9006,-0.0806
191817,148.2446,  8.028, 40.6, 2975., 8.43, 9.20, 0.7678,-16.35, 8.3739, 0.8261
191818,148.2592,  7.790, 39.9, 2930., 7.90, 8.13, 0.2318,-14.25, 7.5312, 0.5988
192423,148.6271,  9.870, 23.8, 1820., 7.85, 7.80,-0.0499,-14.58, 7.6640, 0.1360
192959,148.6487,  4.386, 27.8, 2115., 8.06, 8.28, 0.2242,-15.41, 7.9969, 0.2831
  5325,148.7071,  9.271, 15.3, 1830., 9.25, 8.87,-0.3801,-18.56, 9.2578,-0.3878
  5328,148.8250,  4.270, 28.5, 2162.,10.12, 9.37,-0.7539,-20.68,10.1052,-0.7352
190600,148.8721,  8.391, 20.7, 1616., 8.71, 8.50,-0.2113,-17.19, 8.7066,-0.2066
192960,148.9075,  4.477, 30.3, 2283., 8.59, 8.25,-0.3366,-16.78, 8.5426,-0.2926
  5335,149.0850, 27.228, 20.2, 1530., 9.18, 8.93,-0.2459,-18.62, 9.2815,-0.3515
749303,149.1383, 27.280, 17.5, 1360., 6.88, 7.94, 1.0551,-12.39, 6.7863, 1.1537
  5347,149.3188,  4.528, 31.6, 2495., 9.35, 9.17,-0.1772,-18.70, 9.3138,-0.1438
198437,149.3492,  5.661, 33.6, 2508., 7.15, 8.59, 1.4428,-12.75, 6.9307, 1.6593
731430,149.3725, 27.757, 19.3, 1469., 7.53, 7.55, 0.0241,-14.16, 7.4959, 0.0541
749304,149.3833, 25.939, 30.2, 2236., 7.47, 8.13, 0.6555,-13.81, 7.3575, 0.7725
  5373,150.0000,  5.332,  1.3,  642., 4.39, 7.51, 3.1221, -6.76, 4.5369, 2.9731
205097,150.0100, 15.769, 35.9, 2648., 7.83, 8.21, 0.3777, -9.66, 5.6961, 2.5139
749307,150.1425, 27.317, 39.6, 2903., 8.22, 8.40, 0.1767,-15.91, 8.1974, 0.2026
191058,150.2279, 25.231, 23.0, 1725., 7.57, 7.76, 0.1875,-14.21, 7.5157, 0.2443
205101,150.2971, 14.416, 37.9, 2787., 7.94, 8.44, 0.4975,-14.87, 7.7782, 0.6618
  5390,150.3583, 15.770, 44.7, 2728.,10.25, 9.77,-0.4848,-21.26,10.3349,-0.5649
205102,150.4154, 14.992, 37.2, 2739., 8.00, 8.45, 0.4504,-15.14, 7.8876, 0.5624
205104,150.4800, 15.760, 34.8, 2572., 7.83, 8.32, 0.4883,-14.74, 7.7292, 0.5908
205105,150.7125, 14.553, 42.8, 3133., 8.47, 8.27,-0.1970,-16.47, 8.4183,-0.1483
200879,151.0363,  6.511, 20.4, 1605., 8.54, 7.81,-0.7314,-16.76, 8.5345,-0.7245
  5425,151.0942, 13.621, 42.8, 3132., 9.86, 8.88,-0.9788,-20.24, 9.9284,-1.0484
749408,151.1808, 24.593, 22.5, 1692., 6.79, 7.97, 1.1831,-11.43, 6.4024, 1.5676
202138,151.4954, 23.864, 21.9, 1652., 8.12, 8.21, 0.0859,-15.51, 8.0362, 0.1738
202297,151.5158, 10.638, 25.0, 1901., 8.38, 8.48, 0.1003,-16.34, 8.3674, 0.1126
208434,151.5196,  7.135, 38.2, 2829., 7.69, 8.15, 0.4622,-14.44, 7.6069, 0.5431
202488,151.5450, 11.101, 38.4, 2831., 9.02, 8.42,-0.5988,-17.78, 8.9441,-0.5241
205108,151.6679, 12.317, 23.9, 1820., 7.13, 7.89, 0.7605,-12.99, 7.0264, 0.8636
202723,151.7771, 12.898, 41.7, 3059., 8.26, 8.57, 0.3136,-16.03, 8.2422, 0.3278
203862,151.7688,  5.007, 27.4, 2085., 8.21, 8.22, 0.0097,-15.96, 8.2140, 0.0060
  5453,151.7800, 15.984, 13.0, 1164., 8.19, 7.94,-0.2512,-16.19, 8.3087,-0.3687
  5454,151.7958, 12.651, 42.6, 3123., 9.00, 9.31, 0.3093,-17.79, 8.9485, 0.3615
  5456,151.8321, 10.362,  7.0,  873., 8.38, 7.94,-0.4446,-16.20, 8.3109,-0.3709
  5458,151.8654, 12.274, 43.0, 3151., 9.79, 8.96,-0.8329,-19.87, 9.7819,-0.8219
202043,151.8883, 13.107, 41.9, 3071., 8.57, 8.89, 0.3204,-16.67, 8.5017, 0.3883
205113,151.9288, 12.370, 42.9, 3139., 7.88, 8.47, 0.5904,-15.12, 7.8805, 0.5895
200099,151.9875, 13.227, 42.2, 3090., 9.07, 9.20, 0.1277,-17.81, 8.9548, 0.2452
205076,152.3225,  5.404, 26.8, 2047., 8.45, 8.27,-0.1829,-16.46, 8.4157,-0.1457
202731,152.6413, 12.594, 42.7, 3126., 8.30, 8.20,-0.1035,-16.15, 8.2932,-0.0932
721972,152.8175, 24.066, 22.1, 1659., 7.65, 7.73, 0.0824,-14.37, 7.5783, 0.1517
  5504,153.2042,  7.103, 24.7, 1890., 8.66, 8.80, 0.1419,-16.85, 8.5740, 0.2260
  5505,153.2100, 12.667, 32.7, 3146., 9.86, 9.66,-0.1974,-20.00, 9.8312,-0.1712
  5522,153.4958,  7.023, 37.5, 1564., 9.55,10.11, 0.5559,-19.26, 9.5365, 0.5735
201993,153.9975,  6.804, 25.8, 1967., 7.35, 8.41, 1.0622,-12.85, 6.9730, 1.4370
  5551,154.2992,  4.331, 21.7, 1695., 6.56, 8.75, 2.1879,-11.56, 6.4551, 2.2949
208392,154.5154,  4.311, 21.3, 1673., 7.13, 7.77, 0.6444,-12.90, 6.9923, 0.7777
  5588,155.2379, 25.365, 21.1, 1590., 9.16, 8.54,-0.6166,-18.42, 9.2004,-0.6604
202240,155.3342, 12.177, 43.3, 3176., 8.89, 8.83,-0.0636,-17.60, 8.8719,-0.0419
202242,155.9142, 12.624, 41.7, 3063., 8.37, 8.06,-0.3087,-16.50, 8.4326,-0.3726
731448,155.9375, 27.111,  7.5,  837., 7.29, 7.10,-0.1896,-13.53, 7.2450,-0.1450
731449,156.0583, 24.432, 20.3, 1537., 7.67, 7.79, 0.1216,-14.43, 7.6031, 0.1869
200970,156.1550, 11.908, 37.5, 2773., 8.69, 8.98, 0.2916,-17.05, 8.6512, 0.3288
  5633,156.1667, 14.756, 22.6, 1716., 8.94, 9.35, 0.4125,-17.64, 8.8888, 0.4612
  5642,156.4233, 11.739, 31.6, 2690., 9.41, 9.16,-0.2536,-19.00, 9.4304,-0.2704
203913,156.4433,  5.654, 18.8, 1507., 8.16, 8.41, 0.2544,-15.64, 8.0884, 0.3216
  5646,156.4708, 14.363, 22.4, 1704., 9.36, 9.12,-0.2366,-18.74, 9.3274,-0.2074
  5661,156.6742,  3.862, 35.5, 2504., 9.88, 9.84,-0.0419,-20.05, 9.8529,-0.0129
202243,156.6742, 11.898, 35.3, 2624., 8.24, 8.78, 0.5352,-15.95, 8.2131, 0.5669
205090,156.8062, 24.162, 20.0, 1512., 7.96, 8.48, 0.5199,-15.16, 7.8941, 0.5859
731452,156.9229, 24.271, 20.3, 1534., 8.45, 8.44,-0.0104,-16.52, 8.4381, 0.0019
208295,157.1133,  8.174, 24.1, 1840., 7.44, 8.19, 0.7494,-13.77, 7.3401, 0.8499
208394,157.1825,  4.734, 19.2, 1535., 6.86, 7.69, 0.8294,-12.51, 6.8372, 0.8528
200426,157.2004,  4.235, 33.3, 2513., 8.74, 8.87, 0.1331,-17.06, 8.6556, 0.2144
749314,157.2083, 27.008, 31.4, 2310., 7.85, 8.20, 0.3456,-14.75, 7.7327, 0.4673
202218,157.2325,  9.863, 19.6, 1536., 8.24, 7.75,-0.4855,-16.03, 8.2450,-0.4950
731454,157.2442, 25.287, 20.7, 1558., 7.84, 7.31,-0.5337,-14.94, 7.8092,-0.4992
749315,157.2767, 26.911,  9.2,  945., 6.40, 6.83, 0.4335,-11.24, 6.3288, 0.5012
749316,157.5400, 27.389, 21.7, 1620., 7.45, 7.69, 0.2357,-13.92, 7.4001, 0.2899
203709,157.6846,  6.125,  8.2,  993., 7.39, 7.25,-0.1370,-13.85, 7.3722,-0.1222
739497,157.7071, 23.965, 21.7, 1628., 8.49, 7.76,-0.7250,-16.67, 8.4986,-0.7386
205156,157.7204, 12.447, 11.1, 1256., 6.69, 6.97, 0.2790,-12.33, 6.7624, 0.2076
  5708,157.8050,  4.472, 19.1, 1531., 8.87, 9.47, 0.5951,-16.77, 8.5396, 0.9304
  5716,157.9308, 25.308, 21.1, 1582., 8.24, 9.11, 0.8656,-15.79, 8.1487, 0.9613
202244,157.9200, 13.834, 21.3, 1627., 8.30, 8.34, 0.0411,-16.05, 8.2526, 0.0874
202015,157.9754, 12.927, 43.1, 3168., 6.96, 8.28, 1.3191,-12.69, 6.9074, 1.3726
731457,157.9825, 28.026,  6.1,  750., 6.96, 6.74,-0.2189,-12.41, 6.7957,-0.0557
204139,158.0054,  4.346, 18.7, 1503., 7.41, 7.58, 0.1654,-14.11, 7.4750, 0.1050
  5721,158.0717, 27.669,  6.5,  839., 8.45, 8.70, 0.2485,-16.47, 8.4192, 0.2808
202016,158.3300, 10.189, 23.3, 1780., 6.89, 7.90, 1.0117,-12.53, 6.8441, 1.0559
205161,158.5233, 15.780, 20.3, 1553., 7.60, 8.03, 0.4349,-14.21, 7.5167, 0.5133
  5741,158.6783, 11.197, 31.6, 1734.,10.33, 9.00,-1.3326,-21.22,10.3182,-1.3182
202248,158.7337, 11.492, 11.1, 1522., 7.24, 7.29, 0.0517,-13.32, 7.1616, 0.1284
749410,158.8463, 25.190, 22.5, 1675., 6.54, 8.04, 1.4987, -7.63, 4.8852, 3.1548
201524,158.9250, 26.126, 23.0, 1705., 8.92, 8.36,-0.5610,-17.74, 8.9272,-0.5672
202017,158.9538,  8.480, 11.1, 1509., 7.25, 7.79, 0.5380,-13.12, 7.0784, 0.7116
201989,159.0688, 27.538, 22.5, 1668., 7.86, 8.62, 0.7611,-14.09, 7.4699, 1.1501
  5761,159.1000, 12.707, 11.1,  946., 8.42, 8.06,-0.3621,-16.62, 8.4788,-0.4188
205165,159.2700, 15.337, 11.1, 1061., 7.75, 6.94,-0.8133,-15.18, 7.9053,-0.9653
202262,159.3696, 12.396, 22.0, 1673., 6.49, 8.35, 1.8575,-12.21, 6.7175, 1.6325
205224,159.3917, 12.465, 43.2, 3174., 8.80, 8.80, 0.0046,-17.25, 8.7336, 0.0664
200499,159.5333, 10.381, 11.1, 1523., 8.41, 8.42, 0.0122,-16.52, 8.4417,-0.0217
208397,159.7421,  3.874, 10.2, 1121., 5.91, 7.01, 1.1044, -9.70, 5.7134, 1.2966
200512,159.9817, 13.909, 11.1, 1348., 6.15, 6.95, 0.7997,-11.41, 6.3959, 0.5541
208399,160.0446,  4.909,  9.9, 1104., 5.20, 7.39, 2.1905, -7.88, 4.9855, 2.4045
  5812,160.2354, 12.472, 11.1, 1352., 6.38, 7.70, 1.3189,-10.10, 5.8731, 1.8269
205078,160.3587,  7.038, 19.4, 1529., 6.10, 7.58, 1.4769,-10.57, 6.0615, 1.5185
200532,160.5013, 12.335, 11.1, 1116., 7.98, 7.48,-0.4974,-15.28, 7.9459,-0.4659
  5826,160.5317, 13.747, 17.5, 1639., 9.68, 9.92, 0.2364,-19.92, 9.8006, 0.1194
203082,160.6104, 13.957, 17.5, 1618., 7.83, 7.59,-0.2363,-14.71, 7.7175,-0.1275
  5832,160.7025, 13.460, 17.5, 1559., 9.07, 8.65,-0.4206,-18.03, 9.0440,-0.3940
200543,160.7729, 13.512, 17.5, 1598., 7.94, 8.38, 0.4434,-15.11, 7.8770, 0.5030
  5840,160.8792, 24.922,  7.9,  898., 9.20, 9.41, 0.2058,-18.69, 9.3096, 0.1004
  5842,160.9121, 14.871, 17.5, 1597., 9.30, 9.12,-0.1756,-18.84, 9.3661,-0.2461
  5844,160.9829, 28.147, 24.0, 1768., 8.47, 8.43,-0.0420,-16.42, 8.4000, 0.0300
  5850,160.9900, 11.703,  9.3, 1123., 9.53, 9.03,-0.5006,-19.71, 9.7172,-0.6872
203364,161.1888,  7.999, 38.7, 2882., 8.32, 8.69, 0.3720,-16.11, 8.2751, 0.4149
202024,161.2396, 11.916, 11.1, 1217., 6.51, 6.82, 0.3112, -9.10, 5.4703, 1.3497
205270,161.2904, 15.450, 17.5, 1568., 8.01, 7.49,-0.5170,-15.44, 8.0092,-0.5192
  5882,161.6904, 11.820,  9.9, 1239., 9.89, 9.26,-0.6347,-20.59,10.0684,-0.8084
201970,161.7217, 12.744, 11.1,  980., 6.52, 7.27, 0.7519,-10.38, 5.9826, 1.2874
  5889,161.8433, 14.071,  9.3,  915., 7.94, 8.14, 0.1975,-15.38, 7.9836, 0.1564
  5897,161.9229, 11.077, 33.7, 3066., 9.91, 9.55,-0.3605,-20.18, 9.9048,-0.3548
200581,161.9746, 10.898, 42.7, 3147., 9.08, 9.18, 0.1028,-17.99, 9.0268, 0.1532
205192,162.0354, 14.854, 43.5, 3194., 8.61, 8.48,-0.1344,-16.89, 8.5871,-0.1071
  5914,162.1163, 12.533, 21.9, 1646., 7.74, 9.48, 1.7440,-15.07, 7.8590, 1.6210
201105,162.1512, 27.970, 36.4, 2671., 8.49, 8.38,-0.1115,-16.60, 8.4728,-0.0928
200598,162.2367, 12.195, 17.5, 1667., 8.04, 8.53, 0.4937,-15.24, 7.9279, 0.6021
200600,162.2487, 10.835, 17.5, 2288., 8.19, 8.02,-0.1652,-15.82, 8.1590,-0.1390
  5923,162.2813,  6.917,  9.0, 1065., 8.37, 7.82,-0.5534,-16.48, 8.4254,-0.6054
  5921,162.3029, 27.923, 23.2, 1709., 9.07, 8.91,-0.1627,-17.94, 9.0096,-0.0996
200603,162.3212, 12.422, 17.5, 1722., 8.06, 8.48, 0.4193,-15.41, 7.9945, 0.4855
205197,162.4283, 13.828, 17.5, 1674., 6.71, 7.45, 0.7386,-12.24, 6.7264, 0.7236
208349,162.4875,  8.720, 39.7, 2947., 8.82, 8.87, 0.0456,-17.42, 8.7999, 0.0701
205198,162.5075, 13.785, 17.5, 1665., 7.80, 7.67,-0.1345,-14.90, 7.7923,-0.1223
  5948,162.6592, 15.763, 11.1, 1459., 7.56, 8.20, 0.6385,-14.85, 7.7708, 0.4292
  5959,162.8171, 27.975, 25.1, 1759.,10.17, 8.31,-1.8648,-21.30,10.3539,-2.0439
  5962,162.8100,  5.839, 11.7, 1366., 9.26, 9.08,-0.1837,-18.58, 9.2625,-0.1825
  5958,162.8158, 27.849, 19.9, 1486., 8.91, 8.43,-0.4776,-17.84, 8.9679,-0.5379
  5963,162.8500, 28.112, 21.1, 1557., 9.38, 7.82,-1.5576,-19.13, 9.4829,-1.6629
  5974,162.8963,  4.582, 25.1, 1398., 9.17, 9.44, 0.2722,-18.23, 9.1235, 0.3165
  5981,163.0163, 10.148, 41.6, 3073.,10.05,10.06, 0.0117,-20.81,10.1549,-0.0949
749323,163.0767, 27.387, 26.9, 1971., 8.00, 7.80,-0.1980,-15.33, 7.9650,-0.1650
749324,163.2475, 26.473, 24.7, 1813., 7.48, 8.27, 0.7887,-13.85, 7.3739, 0.8961
  6014,163.4279,  9.727, 11.1, 1485., 8.00, 7.97,-0.0340,-15.30, 7.9521, 0.0179
  6023,163.5875, 27.241, 22.2, 1636., 9.54, 8.99,-0.5469,-19.30, 9.5534,-0.5634
200688,164.0379,  6.173, 16.0, 1372., 8.50, 7.65,-0.8541,-15.80, 8.1513,-0.5013
202035,164.0579, 12.010, 11.1, 1336., 7.47, 7.73, 0.2583,-13.75, 7.3312, 0.3988
731533,164.1987, 26.865, 38.7, 2835., 8.17, 8.74, 0.5747,-15.81, 8.1578, 0.5822
205061,164.3638,  9.174, 41.5, 3076., 7.50, 8.25, 0.7504,-13.83, 7.3632, 0.8868
202260,164.4092, 13.978, 17.5, 1581., 7.59, 8.34, 0.7503,-13.66, 7.2979, 1.0421
205278,164.7175, 14.129, 11.1, 1029., 7.39, 7.01,-0.3775,-13.90, 7.3915,-0.3815
  6077,165.0100, 14.841, 17.5, 1773., 7.84, 9.28, 1.4429,-15.16, 7.8968, 1.3832
  6082,165.0775, 13.901, 12.0, 1038., 9.44, 7.40,-2.0431,-20.40, 9.9935,-2.5935
213235,165.1158, 11.621, 43.2, 3184., 8.17, 8.93, 0.7619,-15.91, 8.1979, 0.7321
731538,165.4413, 27.280, 38.3, 2805., 8.36, 8.64, 0.2830,-16.15, 8.2911, 0.3489
202040,165.7571,  8.048, 17.5, 1714., 7.46, 8.15, 0.6902,-13.84, 7.3672, 0.7828
  6118,165.7967, 27.972, 25.2, 1840.,10.24, 8.86,-1.3784,-21.04,10.2499,-1.3899
215256,165.8596, 16.017, 21.0, 1569., 8.18, 7.87,-0.3110,-16.07, 8.2619,-0.3919
219117,165.9446,  8.572, 17.5, 2093., 7.19, 7.69, 0.4966,-13.36, 7.1772, 0.5128
215235,165.9996, 11.347, 43.0, 3176., 8.20, 8.28, 0.0781,-15.75, 8.1326, 0.1474
  6128,166.0117, 28.037, 22.9, 1671., 9.51, 8.98,-0.5288,-19.49, 9.6268,-0.6468
210023,166.1096, 11.756, 11.1, 1126., 7.74, 7.76, 0.0183,-14.49, 7.6286, 0.1314
  6138,166.1662, 27.723, 39.3, 2876., 9.16, 9.57, 0.4099,-18.27, 9.1399, 0.4301
213757,166.4983,  7.374, 17.5, 1997., 7.69, 7.64,-0.0543,-14.69, 7.7087,-0.0687
731547,166.6267, 27.394, 40.3, 2942., 8.39, 8.72, 0.3320,-16.25, 8.3309, 0.3891
215262,166.6471, 12.230, 17.5, 1954., 6.21, 7.61, 1.3959,-11.23, 6.3222, 1.2878
749189,166.7383, 26.908, 19.8, 1464., 6.72, 7.60, 0.8793,-11.94, 6.6065, 0.9935
  6167,166.7367,  7.174, 19.8, 1773., 9.34, 8.98,-0.3594,-18.64, 9.2881,-0.3081
  6169,166.7642, 12.059, 17.5, 1899., 9.00, 8.92,-0.0802,-18.00, 9.0333,-0.1133
731550,166.7821, 28.056, 24.6, 1789., 7.93, 7.62,-0.3106,-15.27, 7.9411,-0.3211
212032,166.8071,  6.412, 39.0, 2911., 9.00, 8.91,-0.0921,-17.98, 9.0252,-0.1152
214009,167.0917,  5.891, 39.2, 2932., 8.29, 8.49, 0.1988,-15.88, 8.1841, 0.3059
210082,167.3467, 10.834, 17.5, 1906., 8.54, 8.29,-0.2500,-16.81, 8.5572,-0.2672
  6209,167.4829, 10.720, 18.1, 1935., 9.37, 8.82,-0.5504,-18.84, 9.3684,-0.5484
210111,167.6046, 10.126, 17.5, 1672., 8.13, 8.34, 0.2065,-15.67, 8.0985, 0.2415
213064,167.7271,  9.622, 17.5, 1957., 8.50, 8.42,-0.0846,-16.53, 8.4448,-0.0248
  6233,167.8679,  6.907, 26.0, 1963., 9.29, 8.50,-0.7866,-18.76, 9.3344,-0.8344
219368,168.0900, 24.077, 10.2, 1076., 5.60, 7.31, 1.7076, -9.10, 5.4700, 1.8400
  6245,168.1658,  9.056, 17.5, 1775., 9.44, 8.00,-1.4399,-19.25, 9.5331,-1.5331
  6248,168.2154, 10.200, 17.5, 1638., 7.91, 8.26, 0.3526,-14.48, 7.6245, 0.6355
213796,168.2196,  7.922, 17.5, 1768., 7.75, 7.62,-0.1296,-14.74, 7.7282,-0.1082
212097,168.2508,  7.862, 17.5, 1752., 8.78, 8.20,-0.5801,-17.31, 8.7542,-0.5542
212102,168.3021,  5.196, 38.8, 2906., 9.33, 9.32,-0.0101,-18.76, 9.3350,-0.0150
215280,168.3175, 15.407, 17.5, 1819., 7.12, 7.81, 0.6929,-12.88, 6.9845, 0.8255
215240,168.4617,  9.961, 17.5, 1962., 7.19, 7.52, 0.3310,-13.26, 7.1367, 0.3833
219197,168.4800,  4.105, 25.9, 1971., 8.50, 8.17,-0.3280,-16.72, 8.5216,-0.3516
215282,168.6050, 15.534, 11.3, 1207., 7.69, 6.94,-0.7460,-14.44, 7.6061,-0.6661
  6272,168.6542, 12.817, 10.0,  977., 9.32, 8.43,-0.8944,-19.19, 9.5073,-1.0773
202256,168.6875, 12.648, 10.0,  977., 7.18, 7.20, 0.0219,-13.41, 7.1941, 0.0059
  6277,168.7754, 14.787, 20.7, 1535., 9.78, 9.56,-0.2204,-20.05, 9.8515,-0.2915
215284,168.8850, 14.577, 19.7, 1475., 7.62, 7.59,-0.0341,-14.41, 7.5944,-0.0044
219198,169.0000,  4.876, 38.5, 2885., 7.35, 8.35, 1.0015,-13.90, 7.3902, 0.9598
212132,169.1096,  4.336, 18.6, 1465., 8.56, 8.28,-0.2756,-16.93, 8.6037,-0.3237
219199,169.1471,  4.414, 39.3, 2943., 6.53, 8.74, 2.2072,-11.98, 6.6240, 2.1160
215186,169.2550,  4.662, 24.0, 1816., 7.57, 7.56,-0.0070,-14.34, 7.5684,-0.0084
210220,169.2546, 13.099, 10.0,  934., 7.62, 7.15,-0.4712,-14.67, 7.7018,-0.5518
215241,169.2612, 10.143, 17.5, 2117., 7.68, 8.15, 0.4676,-14.35, 7.5726, 0.5774
  6306,169.3642,  4.604, 27.8, 2107., 8.10, 9.00, 0.8951, -2.18, 2.7022, 6.2978
  6305,169.3750,  4.555, 26.0, 1973., 9.93, 9.43,-0.4979,-20.38, 9.9832,-0.5532
213810,169.4413,  7.639, 40.9, 3042., 8.13, 9.09, 0.9607,-15.53, 8.0426, 1.0474
  6317,169.5363,  4.616, 35.6, 2686., 8.98, 9.10, 0.1239,-17.58, 8.8653, 0.2347
731615,169.5462, 26.387, 42.8, 3124., 8.76, 8.52,-0.2446,-17.20, 8.7122,-0.1922
214282,169.5567,  4.692, 39.8, 2983., 8.04, 8.10, 0.0571,-15.44, 8.0065, 0.0935
749431,169.5792, 25.325, 38.3, 2800., 8.11, 8.49, 0.3819,-15.37, 7.9811, 0.5089
  6328,169.7321, 13.092, 10.0, 1149., 9.93, 8.46,-1.4735,-20.66,10.0977,-1.6377
215286,169.8029, 14.328, 10.0, 1341., 5.47, 7.12, 1.6471, -9.80, 5.7518, 1.3682
202257,169.8100, 11.952, 10.7, 1209., 7.41, 7.95, 0.5355,-13.69, 7.3075, 0.6425
213074,169.8671,  9.596, 13.7, 1343., 7.55, 7.98, 0.4252,-14.02, 7.4392, 0.5408
215287,169.9379, 15.502, 17.5, 1674., 8.21, 7.74,-0.4669,-15.63, 8.0828,-0.3428
213818,170.0304,  7.336, 40.7, 3028., 8.77, 8.95, 0.1778,-17.31, 8.7563, 0.1937
  6350,170.0704, 13.587, 10.0, 1188., 8.73, 9.75, 1.0159,-18.00, 9.0328, 0.7172
  6346,170.0625, 12.989,  9.4, 1062., 9.96, 8.92,-1.0355,-20.65,10.0915,-1.1715
  6352,170.1325, 26.963, 38.0, 1812.,10.00, 9.81,-0.1859,-20.22, 9.9213,-0.1113
213927,170.3475,  6.667, 40.5, 3022., 8.40, 9.02, 0.6219,-16.05, 8.2524, 0.7676
  6387,170.5775, 13.065, 16.6, 1918., 8.75, 8.32,-0.4286,-17.15, 8.6929,-0.3729
219200,170.5833,  3.899, 22.0, 1662., 6.39, 8.06, 1.6684,-11.61, 6.4753, 1.5847
211370,170.5967, 13.078, 10.0, 1428., 7.41, 7.65, 0.2359,-13.70, 7.3135, 0.3365
213511,170.5975, 11.794, 17.5, 1919., 7.66, 7.47,-0.1893,-14.50, 7.6322,-0.1622
219201,170.6308,  5.525, 25.7, 1934., 7.38, 7.75, 0.3714,-13.62, 7.2816, 0.4684
213512,170.7112, 12.345, 17.5, 1891., 7.93, 7.96, 0.0316,-15.11, 7.8758, 0.0842
215290,170.7462, 12.461, 17.5, 1960., 6.92, 7.87, 0.9501,-12.76, 6.9372, 0.9328
213440,170.9067, 12.896, 10.0, 1012., 7.38, 6.77,-0.6057,-13.87, 7.3794,-0.6094
212915,171.0550, 26.246, 24.8, 1789., 8.23, 8.67, 0.4354,-15.62, 8.0787, 0.5913
729579,171.0721, 25.711, 25.4, 1832., 7.37, 8.50, 1.1326,-13.34, 7.1699, 1.3301
  6421,171.1079, 27.456, 25.0, 1806., 8.61, 9.14, 0.5263,-16.82, 8.5615, 0.5785
  6420,171.1092, 11.342, 16.3, 1408., 9.68, 9.45,-0.2253,-19.70, 9.7127,-0.2627
215142,171.1854, 15.276, 20.0, 1465., 8.15, 8.37, 0.2211,-15.60, 8.0706, 0.2994
214317,171.2725,  4.121, 26.2, 1980., 8.14, 8.62, 0.4751,-15.52, 8.0403, 0.5797
749435,171.2825, 25.583, 39.9, 2913., 7.57, 8.25, 0.6811,-13.88, 7.3836, 0.8664
749436,171.3496, 23.919, 17.6, 1339., 6.94, 7.80, 0.8613,-12.75, 6.9313, 0.8687
731699,171.3621, 26.347, 41.9, 3059., 8.51, 8.12,-0.3893,-16.72, 8.5199,-0.3999
214318,171.4167,  4.677, 25.1, 1887., 7.81, 7.84, 0.0311,-15.11, 7.8742,-0.0342
  6438,171.4729,  9.987, 20.4, 1508., 9.06, 8.58,-0.4780,-18.09, 9.0680,-0.4880
219119,171.5142,  8.076, 25.8, 1922., 7.55, 7.85, 0.3047,-13.91, 7.3979, 0.4521
214319,171.5346,  4.063, 25.0, 1886., 8.23, 8.10,-0.1256,-15.90, 8.1938,-0.0938
215296,171.7296, 14.834, 11.5, 1254., 6.79, 7.26, 0.4737,-12.01, 6.6351, 0.6249
210340,171.7958,  8.731, 18.0, 1400., 8.64, 8.35,-0.2891,-16.90, 8.5920,-0.2420
219202,171.7954,  5.149, 25.0, 1877., 7.37, 8.03, 0.6650,-13.81, 7.3579, 0.6721
219203,171.8704,  5.617, 25.0, 1871., 7.25, 7.67, 0.4199,-13.28, 7.1457, 0.5243
  6467,172.0458, 25.661, 49.0, 3046.,10.47, 9.40,-1.0665,-21.81,10.5572,-1.1572
  6474,172.1000,  9.407, 33.1, 2068.,10.31, 9.50,-0.8144,-21.29,10.3498,-0.8498
213939,172.1013,  6.118, 25.8, 1929., 7.99, 8.23, 0.2447,-15.33, 7.9630, 0.2670
  6493,172.3704, 24.093, 42.7, 3119.,10.03,10.00,-0.0257,-20.46,10.0156,-0.0156
  6498,172.5317,  9.277, 17.2, 1371., 8.42, 9.53, 1.1098,-16.69, 8.5060, 1.0240
212837,172.7225, 14.146, 10.7, 1222., 5.26, 7.72, 2.4592, -9.69, 5.7074, 2.0126
215303,172.7867, 13.571, 15.0, 1365., 7.43, 7.48, 0.0535,-13.93, 7.4028, 0.0772
212064,172.8421, 25.501, 43.6, 3179., 9.15, 9.35, 0.2014,-18.18, 9.1048, 0.2452
215304,173.0079, 14.611, 20.3, 1465., 8.40, 8.19,-0.2147,-16.38, 8.3825,-0.1925
215306,173.4588, 14.824, 20.4, 1469., 7.98, 7.66,-0.3179,-15.44, 8.0066,-0.3466
215248,173.4621, 14.054, 11.3, 1270., 7.19, 6.80,-0.3921,-13.32, 7.1585,-0.3585
210459,173.5804, 13.322, 21.4, 1539., 8.66, 8.71, 0.0535,-16.94, 8.6091, 0.1009
212838,173.7225, 11.019, 10.3, 1229., 6.97, 7.60, 0.6312,-12.82, 6.9601, 0.6399
213169,173.8267,  4.955, 23.9, 1776., 7.11, 8.11, 1.0014,-13.21, 7.1175, 0.9925
213155,174.2858, 13.251, 12.0, 1326., 7.38, 7.64, 0.2598,-13.30, 7.1512, 0.4888
  6599,174.4271, 24.133, 26.2, 1883., 8.65, 9.06, 0.4141,-16.91, 8.5962, 0.4638
  6605,174.5542, 12.112, 11.8, 1329., 8.70, 8.05,-0.6470,-17.27, 8.7418,-0.6918
  6626,174.9700,  8.875, 31.3, 2336., 9.43, 9.11,-0.3199,-18.96, 9.4150,-0.3050
  6633,175.0771,  9.010, 29.1, 2161.,10.02, 8.97,-1.0493,-20.60,10.0732,-1.1032
215137,175.2358, 14.075, 10.7, 1250., 7.76, 7.66,-0.1045,-14.77, 7.7399,-0.0799
  6644,175.2450, 11.471, 11.7, 1338., 9.55, 9.20,-0.3545,-19.57, 9.6592,-0.4592
  6655,175.4604, 15.973,  8.7, 1086., 8.17, 7.38,-0.7920,-15.93, 8.2045,-0.8245
  6669,175.5754, 14.995, 16.1, 1357., 7.90, 8.71, 0.8129,-14.10, 7.4711, 1.2389
212839,175.7933, 14.224, 16.3, 1357., 7.31, 8.43, 1.1233,-14.67, 7.7012, 0.7288
213333,175.8625, 11.398, 10.3, 1243., 7.63, 7.31,-0.3236,-14.42, 7.6004,-0.2904
  6747,176.6004, 13.827, 41.2, 3036., 8.50, 9.45, 0.9519,-16.34, 8.3662, 1.0838
  6782,177.2392, 23.837, 13.7,  834., 7.80, 8.56, 0.7642,-14.64, 7.6887, 0.8713
  6786,177.2892, 27.022, 29.2, 2098.,10.19, 9.54,-0.6518,-21.25,10.3325,-0.7925
  6791,177.3479, 26.741, 29.9, 2156., 9.47, 8.99,-0.4759,-19.01, 9.4366,-0.4466
731804,177.3575, 25.617, 29.2, 2103., 7.78, 7.65,-0.1345,-14.81, 7.7563,-0.1063
210822,177.5112, 15.023,  8.6, 1092., 7.81, 7.45,-0.3586,-14.46, 7.6170,-0.1670
  6801,177.5188, 26.480, 29.0, 2086., 9.93, 9.06,-0.8691,-20.28, 9.9447,-0.8847
212866,177.6658, 25.526, 29.5, 2124., 8.63, 8.89, 0.2587,-16.85, 8.5729, 0.3171
210835,177.7325, 14.595, 16.5, 1346., 8.22, 8.50, 0.2777,-15.59, 8.0696, 0.4304
215654,177.7646,  7.694, 41.8, 3105., 8.46, 8.41,-0.0507,-16.42, 8.4011, 0.0089
213174,177.7700,  5.246, 25.0, 1837., 7.89, 7.84,-0.0463,-14.80, 7.7505, 0.0895
210861,178.0075, 13.879, 17.6, 1306., 8.08, 8.16, 0.0806,-15.54, 8.0466, 0.1134
215213,178.0842, 15.460,  9.0, 1122., 6.86, 7.15, 0.2884,-12.44, 6.8080, 0.3420
212523,178.2754,  6.154, 38.7, 2896., 8.89, 9.07, 0.1845,-17.52, 8.8419, 0.2281
  6862,178.3142, 11.634, 41.6, 3075., 9.02, 9.12, 0.0985,-17.89, 8.9897, 0.1303
210891,178.4333,  7.792, 39.0, 2903., 8.76, 8.25,-0.5114,-17.22, 8.7182,-0.4682
215145,178.5517, 12.435, 16.7, 1345., 6.36, 8.00, 1.6432,-10.01, 5.8363, 2.1637
  6906,178.9888,  6.749, 31.3, 2846.,10.04,10.04,-0.0002,-20.89,10.1860,-0.1460
213142,179.1367, 11.008, 42.2, 3123., 8.58, 8.47,-0.1057,-16.84, 8.5664,-0.0964
215716,179.2800,  6.676, 38.3, 2864., 8.35, 8.51, 0.1634,-16.18, 8.3053, 0.2047
213178,179.7533,  4.669, 26.5, 1957., 8.27, 7.89,-0.3752,-16.02, 8.2387,-0.3487
211013,180.4342,  5.821, 23.8, 1701., 8.95, 8.62,-0.3271,-17.77, 8.9398,-0.3198
225078,180.7617,  6.501, 23.5, 1667., 8.22, 8.14,-0.0831,-15.98, 8.2232,-0.0832
224236,181.0183,  4.813, 34.3, 2578., 8.30, 8.77, 0.4704,-16.29, 8.3482, 0.4218
  7068,181.2158, 26.993,  7.0,  861., 8.39, 7.55,-0.8350,-16.47, 8.4181,-0.8681
731941,181.8058, 27.066, 41.7, 3019., 8.06, 8.42, 0.3569,-15.43, 8.0044, 0.4156
749452,182.3313, 24.448, 40.8, 2964., 7.68, 8.52, 0.8415,-14.27, 7.5380, 0.9820
226606,182.3383, 25.201,  8.7, 1014., 7.23, 7.01,-0.2178,-13.70, 7.3120,-0.3020
  7138,182.3700, 26.226, 34.2, 2465., 9.10, 9.11, 0.0065,-17.97, 9.0218, 0.0882
  7143,182.4446, 25.026, 39.6, 2874., 9.69, 9.60,-0.0906,-19.52, 9.6382,-0.0382
731974,182.5208, 26.280, 40.6, 2937., 8.30, 8.23,-0.0666,-16.10, 8.2709,-0.0409
742008,182.6929, 23.915, 39.2, 2846., 8.35, 8.76, 0.4144,-16.10, 8.2724, 0.4876
221647,182.8946, 24.029, 38.4, 2786., 8.88, 8.50,-0.3838,-17.63, 8.8841,-0.3841
  7193,182.9688, 24.124, 39.6, 2875.,10.27, 9.70,-0.5672,-21.28,10.3449,-0.6449
224231,182.9979,  5.917,  8.1, 1099., 7.04, 6.78,-0.2628,-12.96, 7.0150,-0.2350
221648,183.0275, 25.309, 40.2, 2914., 8.37, 8.86, 0.4949,-16.30, 8.3535, 0.5065
732004,183.1875, 26.040, 39.6, 2864., 8.44, 8.60, 0.1562,-16.31, 8.3543, 0.2457
749454,183.2713, 25.112, 34.5, 2492., 7.48, 8.41, 0.9325,-13.74, 7.3278, 1.0822
  7236,183.4542, 24.265, 11.6, 1246., 7.36, 8.06, 0.6990,-13.73, 7.3235, 0.7365
223219,183.4600,  5.354, 27.7, 2037., 7.91, 8.25, 0.3384,-15.63, 8.0830, 0.1670
220230,183.6467,  5.677, 24.2, 2413., 6.98, 8.45, 1.4685,-12.70, 6.9109, 1.5391
  7247,183.6608,  5.806, 16.5, 2408., 9.36, 9.22,-0.1380,-18.80, 9.3500,-0.1300
220264,184.0021,  4.651, 24.2, 2523., 8.95, 8.71,-0.2350,-17.63, 8.8851,-0.1751
732041,184.4267, 27.484, 21.6, 1462., 8.02, 7.52,-0.4956,-15.36, 7.9771,-0.4571
220304,184.4704,  5.028, 24.2, 2119., 7.96, 8.03, 0.0671,-15.04, 7.8496, 0.1804
224258,184.5483,  4.644, 32.4, 2419., 8.47, 7.98,-0.4881,-16.60, 8.4736,-0.4936
229053,184.5646, 25.568,  8.1,  721., 6.78, 7.08, 0.2988,-11.81, 6.5558, 0.5242
223392,184.5746,  4.402, 31.2, 2331., 8.11, 8.05,-0.0554,-15.72, 8.1204,-0.0704
220344,184.7713,  4.660, 24.2, 2694., 7.90, 8.39, 0.4885,-14.68, 7.7057, 0.6843
  7354,184.7908,  3.855, 24.2, 1871., 8.97, 8.54,-0.4314,-17.63, 8.8849,-0.3449
  7382,184.9688, 27.621, 36.4, 2617., 9.88, 8.91,-0.9674,-20.31, 9.9554,-1.0454
  7380,184.9842,  5.344, 24.2, 2723.,10.03, 9.38,-0.6457,-20.54,10.0489,-0.6689
  7387,185.0725,  4.201, 24.2, 2077., 9.26, 8.75,-0.5148,-18.69, 9.3076,-0.5576
749232,185.0788, 28.026, 35.8, 2569., 7.20, 8.30, 1.0983,-13.08, 7.0621, 1.2379
229052,185.1712, 24.956,  9.5, 1083., 5.46, 7.04, 1.5797, -8.69, 5.3078, 1.7322
227954,185.1671,  5.105, 27.7, 2035., 8.47, 8.11,-0.3638,-16.67, 8.4990,-0.3890
  7403,185.2592,  3.722, 24.2, 3042., 9.40, 8.24,-1.1601,-19.28, 9.5433,-1.3033
220432,185.3271,  4.076, 24.2, 2322., 8.05, 8.04,-0.0134,-15.61, 8.0767,-0.0367
  7420,185.4792,  4.475, 24.2, 1910.,10.36,10.07,-0.2855,-21.59,10.4669,-0.3969
  7422,185.5050,  5.100, 24.2, 2226., 9.30, 8.04,-1.2594,-18.97, 9.4195,-1.3795
  7434,185.5425, 26.052, 19.5, 1311., 8.70, 8.48,-0.2247,-17.07, 8.6617,-0.1817
  7439,185.6129,  4.566, 16.6, 1622., 8.73, 9.14, 0.4093,-17.48, 8.8258, 0.3142
732098,185.6487, 24.086, 24.7, 1695., 8.45, 7.91,-0.5401,-16.52, 8.4385,-0.5285
227956,185.6321,  4.670, 34.2, 2558., 7.92, 8.39, 0.4656,-14.88, 7.7858, 0.6042
  7451,185.7758,  5.250, 24.2, 2011.,10.16, 9.10,-1.0627,-21.13,10.2847,-1.1847
220506,186.0133,  5.181, 24.2, 2393., 8.73, 8.58,-0.1451,-17.09, 8.6673,-0.0873
749235,186.0412, 26.231,  6.2,  580., 5.57, 6.78, 1.2070, -8.64, 5.2884, 1.4916
220510,186.0604,  4.226, 16.6, 1525., 8.53, 7.87,-0.6607,-16.85, 8.5739,-0.7039
220524,186.1646,  3.996, 24.2, 2069., 8.88, 8.97, 0.0881,-17.55, 8.8534, 0.1166
220538,186.2863,  4.414, 16.6, 1575., 7.68, 7.74, 0.0583,-14.41, 7.5948, 0.1452
  7505,186.3250, 26.714,  6.5,  604., 7.65, 8.09, 0.4386,-14.14, 7.4864, 0.6036
  7497,186.3254,  4.925, 24.2, 2899., 9.98, 9.21,-0.7654,-20.81,10.1545,-0.9445
749236,186.4267, 26.810,  5.9,  562., 6.91, 7.26, 0.3487,-12.33, 6.7658, 0.4942
  7521,186.4637, 27.561,  9.3, 1033., 8.51, 8.86, 0.3454,-16.68, 8.5043, 0.3557
749237,186.5975, 27.746,  7.0,  657., 7.24, 7.32, 0.0781,-13.73, 7.3257,-0.0057
  7536,186.6492,  3.965, 24.2, 2637., 9.57, 8.71,-0.8589,-19.53, 9.6453,-0.9353
220602,186.8163,  4.263, 24.2, 1964., 8.44, 7.77,-0.6721,-16.57, 8.4604,-0.6904
732129,186.8550, 27.840, 19.9, 1336., 7.72, 7.73, 0.0058,-14.58, 7.6647, 0.0653
732134,187.0533, 25.089, 23.8, 1617., 8.16, 8.24, 0.0773,-15.59, 8.0698, 0.1702
749238,187.3704, 27.614, 15.8, 1258., 6.38, 7.56, 1.1758,-11.30, 6.3522, 1.2078
  7647,187.6117,  4.246, 40.0, 2777.,10.22, 9.63,-0.5874,-21.07,10.2605,-0.6305
724906,187.7333, 26.511, 11.6, 1214., 7.24, 7.40, 0.1555,-13.42, 7.2013, 0.1987
  7668,187.9117,  3.939, 14.5, 2071., 9.04, 9.33, 0.2868,-18.08, 9.0626, 0.2674
223819,187.9746,  5.172, 16.5, 2646., 7.03, 7.39, 0.3605,-12.24, 6.7284, 0.6616
220762,188.2396,  4.577, 16.6, 1566., 7.14, 8.31, 1.1669,-13.22, 7.1207, 1.1893
220780,188.3733,  3.794, 16.6, 1255., 8.27, 7.88,-0.3864,-16.13, 8.2831,-0.4031
742455,188.4221, 23.987, 24.0, 1619., 7.31, 8.63, 1.3163,-14.50, 7.6301, 0.9999
222310,188.7600,  5.425, 16.5, 1201., 8.25, 7.65,-0.5989,-16.20, 8.3128,-0.6628
732179,188.8379, 27.563, 21.9, 1465., 7.84, 7.98, 0.1444,-14.86, 7.7759, 0.2041
224516,188.8517,  5.048, 29.1, 2141., 8.29, 7.96,-0.3344,-16.10, 8.2736,-0.3136
  7758,188.8938, 25.849, 24.2, 1640., 9.40, 8.93,-0.4692,-18.93, 9.4031,-0.4731
  7766,188.9904, 27.959, 10.3, 1094., 9.52, 9.83, 0.3084,-19.28, 9.5454, 0.2846
  7772,189.0875, 25.987, 13.4, 1511., 8.92,10.04, 1.1217,-18.69, 9.3062, 0.7338
222314,189.3708,  4.750, 27.2, 1974., 8.12, 8.38, 0.2575,-15.62, 8.0808, 0.2992
  7794,189.4521,  5.368, 16.5, 1373., 9.61, 7.57,-2.0352,-19.74, 9.7291,-2.1591
732194,189.4925, 24.044, 24.8, 1689., 7.84, 8.14, 0.2989,-14.76, 7.7365, 0.4035
  7804,189.6179,  4.319, 16.6, 1126., 9.69, 8.00,-1.6925,-20.02, 9.8403,-1.8403
220883,189.8412,  4.937, 16.5, 1946., 8.45, 8.02,-0.4277,-16.66, 8.4945,-0.4745
749241,190.0071, 26.322,  5.6,  734., 5.94, 6.75, 0.8069, -9.15, 5.4904, 1.2596
732226,190.2021, 25.944, 23.8, 1601., 7.59, 7.93, 0.3393,-13.87, 7.3801, 0.5499
229001,190.2058, 27.564, 21.3, 1409., 7.98, 7.60,-0.3801,-15.20, 7.9101,-0.3101
220939,190.5771,  5.739, 16.5, 1303., 7.79, 8.14, 0.3493,-14.63, 7.6839, 0.4561
  7871,190.6300,  3.960, 16.6, 1074., 9.19, 8.69,-0.4982,-18.62, 9.2791,-0.5891
732245,190.7746, 24.451, 30.0, 2113., 8.72, 9.06, 0.3356,-17.23, 8.7246, 0.3354
732250,190.8508, 24.525, 22.5, 1481., 8.05, 7.95,-0.1034,-15.31, 7.9579,-0.0079
224296,190.8450,  5.765, 15.6, 2083., 7.44, 7.60, 0.1556,-13.91, 7.3956, 0.2044
227896,191.0871,  6.089, 16.6, 1619., 7.81, 7.87, 0.0591,-14.85, 7.7733, 0.0967
732257,191.1037, 24.904, 29.9, 2102., 8.24, 8.71, 0.4739,-15.78, 8.1425, 0.5675
  7930,191.3208, 27.125, 20.6, 1349., 9.57, 8.98,-0.5918,-19.26, 9.5345,-0.5545
227970,191.5058,  4.381, 16.6,  973., 7.38, 8.06, 0.6790,-13.52, 7.2381, 0.8219
732281,191.5446, 26.250, 30.6, 2158., 8.52, 8.39,-0.1296,-16.33, 8.3626, 0.0274
221013,191.7308, 26.564, 10.4, 1123., 8.19, 7.23,-0.9586,-16.03, 8.2429,-1.0129
  7961,191.9438,  4.336, 16.6, 1314., 8.84, 9.31, 0.4675,-17.58, 8.8640, 0.4460
222216,191.9979,  4.433, 16.6, 1368., 8.23, 7.72,-0.5126,-15.94, 8.2092,-0.4892
228094,192.0308, 27.192, 30.8, 2165., 8.20, 8.24, 0.0369,-15.83, 8.1652, 0.0748
224517,192.0963,  5.138, 38.3, 2846., 7.89, 8.54, 0.6521,-14.02, 7.4416, 1.0984
  7976,192.3158,  4.656, 40.3, 2994., 9.04, 9.45, 0.4057,-17.72, 8.9187, 0.5313
224304,192.3571,  4.392, 39.9, 2971., 8.66, 9.20, 0.5358,-16.97, 8.6208, 0.5792
225197,192.4254,  5.489, 16.6, 1066., 7.26, 7.69, 0.4250,-13.36, 7.1770, 0.5130
  7983,192.4458,  3.842, 16.6, 1023., 8.05, 8.64, 0.5876,-15.24, 7.9288, 0.7112
  7985,192.4913,  5.311, 14.9,  980., 9.49, 9.40,-0.0932,-19.13, 9.4828,-0.0828
224226,192.4971,  5.821, 16.6,  950., 7.90, 7.72,-0.1790,-15.24, 7.9274,-0.2074
227897,192.5175,  6.847, 16.6,  888., 7.08, 7.43, 0.3550,-12.00, 6.6317, 0.7983
227972,192.6000,  4.906, 16.6,  977., 6.42, 7.41, 0.9919,-11.07, 6.2582, 1.1518
  7989,192.6108, 25.501, 11.9, 1489., 9.85, 9.59,-0.2636,-20.52,10.0395,-0.4495
227973,192.6662,  5.348, 16.6, 1002., 6.74, 7.39, 0.6484,-12.02, 6.6411, 0.7489
223245,192.9346, 26.111, 23.0, 1525., 8.28, 8.48, 0.1954,-15.82, 8.1613, 0.3187
  8005,192.9404, 25.774, 22.3, 1464., 9.77, 9.52,-0.2529,-19.81, 9.7553,-0.2353
226122,193.0642,  4.457, 16.6, 1028., 7.37, 8.04, 0.6668,-13.53, 7.2428, 0.7972
221089,193.2917, 25.278, 21.1, 1363., 8.54, 7.88,-0.6586,-16.90, 8.5929,-0.7129
  8018,193.3108,  4.463, 16.6, 1048., 9.25, 9.11,-0.1407,-18.47, 9.2191,-0.1091
224229,193.4175,  4.076, 16.6, 1225., 7.66, 7.48,-0.1838,-14.66, 7.6953,-0.2153
224230,193.4304,  4.154, 16.6, 1094., 7.63, 7.64, 0.0062,-14.39, 7.5884, 0.0516
  8024,193.5225, 27.149,  4.3,  647., 6.92, 8.47, 1.5458,  3.69, 0.3549, 8.1151
  8030,193.6212, 26.304,  7.8,  903., 7.39, 7.38,-0.0134,-13.76, 7.3363, 0.0437
221597,193.6829,  8.052, 38.7, 2853., 9.55, 8.49,-1.0572,-19.54, 9.6469,-1.1569
  8042,193.7929,  7.918, 40.4, 2981., 9.11, 8.78,-0.3343,-18.23, 9.1254,-0.3454
  8045,193.8479,  7.909, 42.3, 3118., 9.42, 8.92,-0.5029,-19.16, 9.4941,-0.5741
  8054,193.9542,  4.304, 18.5, 1083., 9.93, 9.75,-0.1761,-20.22, 9.9180,-0.1680
  8053,193.9542,  4.014, 16.6, 1033., 8.31, 8.99, 0.6808,-15.65, 8.0928, 0.8972
  8055,194.0188,  3.813, 16.6,  941., 7.82, 8.78, 0.9586,-14.69, 7.7091, 1.0709
227974,194.0146,  4.867, 16.6, 1695., 6.99, 7.68, 0.6927,-11.51, 6.4354, 1.2446
  8056,194.0829, 10.188, 41.0, 3012., 9.31, 9.60, 0.2939,-18.44, 9.2071, 0.3929
222259,194.2225,  8.162, 39.5, 2914., 9.06, 8.72,-0.3369,-17.97, 9.0182,-0.2982
222260,194.2375,  4.065, 16.6, 1152., 8.57, 8.35,-0.2191,-16.76, 8.5359,-0.1859
229050,194.2792,  8.145, 40.0, 2948., 7.33, 8.16, 0.8306,-13.12, 7.0813, 1.0787
227975,194.3254,  4.991, 16.6, 1206., 6.86, 7.53, 0.6741,-12.40, 6.7937, 0.7363
735001,194.4021,  9.313, 16.2, 2270., 7.89, 7.60,-0.2921,-15.03, 7.8437,-0.2437
225853,194.3992,  9.992, 41.7, 3060., 8.27, 8.48, 0.2051,-15.97, 8.2213, 0.2587
  8085,194.5721, 14.556, 32.6, 2346., 9.63, 9.68, 0.0466,-19.41, 9.5969, 0.0831
  8091,194.6683, 14.217,  2.1,  518., 6.39, 7.05, 0.6563,-11.29, 6.3499, 0.7001
221245,194.7200, 13.153, 30.9, 2218., 8.94, 9.11, 0.1662,-17.74, 8.9294, 0.1806
732418,194.7842, 26.378, 15.0, 1271., 7.57, 7.15,-0.4206,-14.33, 7.5655,-0.4155
226110,194.7762, 14.430, 40.9, 2976., 8.24, 8.43, 0.1883,-15.79, 8.1476, 0.2824
  8102,194.8625, 14.171, 31.8, 2289.,10.52, 9.75,-0.7730,-22.06,10.6574,-0.9074
225851,194.9275, 11.077, 42.4, 3103., 8.75, 8.62,-0.1305,-17.29, 8.7484,-0.1284
225852,194.9246, 10.728, 16.6, 1467., 7.90, 7.67,-0.2285,-15.13, 7.8842,-0.2142
233574,195.0921, 12.924, 31.0, 2227., 8.10, 8.22, 0.1152,-15.39, 7.9883, 0.2317
  8114,195.1042, 13.670, 31.9, 2295., 8.84, 9.26, 0.4243,-17.34, 8.7667, 0.4933
735052,195.4675,  8.558, 42.9, 3155., 8.47, 8.33,-0.1403,-16.49, 8.4272,-0.0972
232129,195.6742,  5.958, 43.1, 3184., 8.74, 8.95, 0.2050,-17.22, 8.7212, 0.2288
  8153,195.7742,  3.992, 42.9, 3180., 9.29, 9.62, 0.3338,-18.65, 9.2901, 0.3299
732482,195.9033, 24.526, 10.2, 1118., 7.76, 7.73,-0.0328,-14.68, 7.7040, 0.0260
238685,196.0450,  5.487, 42.4, 3133., 7.94, 8.55, 0.6053,-15.24, 7.9294, 0.6206
231989,196.1400, 26.774, 31.4, 2195., 7.91, 8.84, 0.9330,-15.02, 7.8387, 1.0013
  8185,196.4483, 27.733, 33.9, 2796., 9.79, 9.59,-0.2014,-19.87, 9.7813,-0.1913
230077,196.5971, 10.433, 16.6, 1237., 7.08, 8.64, 1.5624,-11.77, 6.5406, 2.0994
230084,196.7329, 14.807, 16.6, 1282., 8.01, 8.00,-0.0113,-15.41, 7.9954, 0.0046
  8249,197.6100, 24.921, 39.5, 2810., 8.97, 9.56, 0.5850,-17.63, 8.8832, 0.6768
  8279,198.0279, 24.095, 46.3, 2880.,10.30, 9.65,-0.6515,-21.33,10.3633,-0.7133
  8276,198.0262,  5.476, 16.9, 1224., 7.75, 8.43, 0.6779,-14.84, 7.7681, 0.6619
230161,198.0725, 26.685, 10.0, 1052., 8.48, 7.92,-0.5570,-16.78, 8.5424,-0.6224
  8285,198.1387,  7.184, 16.8, 1206., 8.66, 8.72, 0.0638,-16.98, 8.6258, 0.0942
238737,198.2683,  6.285, 16.9, 1201., 7.25, 7.46, 0.2137,-13.57, 7.2604, 0.1996
  8298,198.3321, 10.194, 16.3, 1460., 8.48, 8.98, 0.4955,-16.55, 8.4508, 0.5292
  8333,198.9750, 25.436, 30.6, 1201., 8.58, 9.39, 0.8073,-17.25, 8.7308, 0.6592
749463,199.0454, 25.671, 19.9, 1275., 8.08, 8.53, 0.4506,-15.30, 7.9521, 0.5779
  8345,199.2171, 12.548, 16.7, 1261., 8.73, 8.98, 0.2541,-17.24, 8.7267, 0.2533
732593,199.5317, 24.742, 42.9, 3055., 8.44, 9.03, 0.5927,-16.33, 8.3641, 0.6659
  8363,199.6917, 27.732, 38.4, 2709., 8.99, 9.47, 0.4775,-17.67, 8.8995, 0.5705
732599,199.9337, 26.092, 31.6, 2195., 8.12, 7.96,-0.1637,-15.82, 8.1588,-0.1988
233627,199.9708, 13.806, 16.8, 1227., 7.00, 7.98, 0.9848,-12.52, 6.8383, 1.1417
238828,200.0587, 26.138, 31.1, 2156., 7.63, 7.99, 0.3623,-14.31, 7.5579, 0.4321
238829,200.0638, 27.605, 38.0, 2676., 8.23, 8.41, 0.1833,-15.85, 8.1725, 0.2375
  8382,200.1342,  5.407, 16.8, 1270., 8.32, 8.52, 0.2018,-16.07, 8.2605, 0.2595
  8385,200.1588,  9.787, 16.2, 1430., 8.85, 8.99, 0.1447,-17.36, 8.7770, 0.2130
732602,200.2700, 24.143, 11.6, 1188., 7.69, 7.41,-0.2751,-14.51, 7.6356,-0.2256
  8410,200.7321, 26.981, 40.2, 3141.,10.25, 9.38,-0.8653,-21.08,10.2645,-0.8845
238691,201.3233,  5.543, 16.7, 1289., 6.39, 7.30, 0.9080,-11.33, 6.3651, 0.9349
  8450,201.7550, 10.056, 16.3, 1340., 8.19, 8.31, 0.1224,-15.79, 8.1473, 0.1627
233559,202.1971, 10.961, 16.0, 1380., 6.75, 7.42, 0.6748,-11.92, 6.5981, 0.8219
238890,203.1263, 25.123,  6.6,  611., 7.11, 6.56,-0.5531,-13.44, 7.2094,-0.6494
230436,203.6579,  8.794, 22.9, 1518., 8.62, 8.84, 0.2212,-17.04, 8.6499, 0.1901
  8575,203.9396,  8.968, 15.1, 1448., 8.51, 8.89, 0.3762,-16.55, 8.4519, 0.4381
231022,204.0108,  8.185, 23.0, 1531., 8.25, 8.39, 0.1409,-15.84, 8.1696, 0.2204
232025,204.1817,  8.546, 14.9, 1451., 7.98, 7.95,-0.0341,-15.39, 7.9877,-0.0377
  8614,204.3592,  7.645, 16.2, 1332., 8.60, 9.19, 0.5934,-16.59, 8.4671, 0.7229
  8616,204.3837,  8.885, 15.0, 1435., 9.85, 9.59,-0.2576,-20.39, 9.9892,-0.3992
  8629,204.6275,  8.442, 16.3, 1305., 8.27, 8.54, 0.2687,-15.98, 8.2246, 0.3154
233601,204.7117,  8.108, 22.3, 1472., 7.79, 8.43, 0.6352,-14.85, 7.7723, 0.6577
  8638,204.8304, 24.774,  4.3,  520., 7.38, 7.27,-0.1087,-13.55, 7.2501, 0.0199
238769,206.2771,  6.519, 16.3, 1297., 7.84, 7.56,-0.2805,-15.09, 7.8691,-0.3091
238847,206.2904, 27.336, 14.1, 1135., 6.79, 7.47, 0.6773,-12.76, 6.9361, 0.5339
238771,206.6708,  6.654, 23.2, 1571., 7.93, 8.14, 0.2079,-15.40, 7.9918, 0.1482
233681,206.8167, 13.177, 21.2, 1360., 7.43, 7.69, 0.2631,-13.62, 7.2794, 0.4106
  8727,207.0667,  3.951, 19.4, 1450., 9.37, 9.17,-0.1994,-19.21, 9.5154,-0.3454
713655,207.0950,  8.211, 21.7, 1434., 7.61, 7.55,-0.0598,-14.20, 7.5122, 0.0378
232162,208.0450,  5.504, 22.3, 1513., 8.10, 7.72,-0.3812,-15.37, 7.9799,-0.2599
  8800,208.3604,  5.207, 12.6, 1097., 8.86, 7.49,-1.3696,-17.80, 8.9523,-1.4623
238709,208.4742,  4.888, 22.7, 1554., 7.56, 7.94, 0.3817,-14.09, 7.4667, 0.4733
749468,208.5313, 25.775, 39.3, 2737., 7.65, 8.38, 0.7276,-14.36, 7.5758, 0.8042
  8821,208.5467,  5.227, 24.7, 1723., 9.68, 9.40,-0.2789,-19.53, 9.6455,-0.2455
231980,208.6396,  4.244,  2.6,  559., 5.75, 6.11, 0.3612, -7.85, 4.9720, 1.1380
  8831,208.7433,  5.333, 23.8, 1639.,10.00, 8.81,-1.1943,-20.56,10.0547,-1.2447
232141,208.7688,  5.189, 24.1, 1670., 8.13, 8.39, 0.2629,-15.67, 8.1019, 0.2881
  8838,208.9113,  4.985, 21.3, 1441., 8.61, 7.81,-0.7955,-17.02, 8.6388,-0.8288
238643,208.9929,  8.993, 22.3, 1485., 7.17, 7.61, 0.4381,-13.64, 7.2875, 0.3225
  8847,209.0304,  5.255, 20.8, 1403., 8.22, 8.28, 0.0642,-17.24, 8.7294,-0.4494
232142,209.0392,  5.543, 20.3, 1366., 7.80, 7.90, 0.0992,-14.29, 7.5485, 0.3515
  8853,209.0500,  5.014, 22.2, 1511., 9.83, 9.78,-0.0470,-20.35, 9.9710,-0.1910
233571,209.4208, 15.373, 22.9, 1501., 8.14, 8.74, 0.6049,-15.34, 7.9670, 0.7730
230880,209.5992, 25.550, 30.2, 2832., 9.03, 9.02,-0.0130,-17.77, 8.9403, 0.0797
233718,209.6808, 14.261, 23.1, 1530., 8.09, 8.01,-0.0802,-15.56, 8.0580,-0.0480
732832,209.6875, 24.151, 18.4, 1208., 7.92, 7.58,-0.3390,-15.30, 7.9511,-0.3711
  8915,209.9113, 26.228, 37.3, 2576., 8.65, 9.29, 0.6375,-17.13, 8.6838, 0.6062
732861,210.7271, 24.851, 36.7, 2532., 8.62, 8.64, 0.0157,-16.78, 8.5446, 0.0954
240021,210.8104, 16.006, 38.6, 2729., 8.48, 8.72, 0.2430,-16.43, 8.4031, 0.3169
  8995,211.1971,  8.801, 23.8, 1491., 9.19, 9.18,-0.0081,-18.22, 9.1217, 0.0583
  9020,211.6325,  6.029, 20.9, 1279., 9.62, 8.76,-0.8586,-19.66, 9.6959,-0.9359
243852,211.7688, 10.713, 21.5, 1429., 7.88, 7.90, 0.0186,-14.99, 7.8298, 0.0702
242151,212.4071,  5.096, 29.0, 2065., 8.56, 7.85,-0.7143,-16.85, 8.5704,-0.7204
241411,212.6013, 16.112, 36.2, 2534., 9.29, 8.93,-0.3583,-18.77, 9.3396,-0.4096
241261,212.5996, 16.183, 37.4, 2626., 9.03, 9.31, 0.2779,-17.93, 9.0037, 0.3063
749330,213.3712, 27.081, 40.8, 2806., 7.33, 8.15, 0.8203,-13.57, 7.2609, 0.8891
243830,213.6812, 10.075, 21.8, 1461., 6.14, 7.77, 1.6338, -9.77, 5.7400, 2.0300
  9119,213.7183, 25.317, 18.2, 1255., 9.43, 9.44, 0.0132,-19.04, 9.4494,-0.0094
240228,214.2383,  3.834, 24.5, 1716., 6.96, 9.09, 2.1262,-13.40, 7.1918, 1.8982
242152,214.2813,  4.837, 26.6, 1873., 7.83, 7.87, 0.0449,-14.93, 7.8036, 0.0664
243881,214.4612,  6.840, 21.9, 1493., 7.40, 8.48, 1.0777,-13.63, 7.2830, 1.1970
244129,214.7229,  9.291, 21.7, 1456., 7.65, 7.56,-0.0923,-14.55, 7.6520,-0.0920
  9169,214.9362,  9.362, 15.6, 1522., 8.92, 9.17, 0.2462,-17.47, 8.8201, 0.3499
  9172,215.0183,  3.992, 27.8, 1972.,10.06, 9.12,-0.9446,-20.66,10.0967,-0.9767
  9175,215.0833,  3.933, 24.8, 1735.,10.39, 9.21,-1.1800,-21.79,10.5483,-1.3383
  9176,215.1337,  3.983, 28.4, 2014., 9.06, 9.23, 0.1715,-18.04, 9.0488, 0.1812
714055,215.1854,  8.626, 22.7, 1539., 8.27, 8.57, 0.3036,-15.96, 8.2146, 0.3554
  9202,215.5446, 13.917, 36.2, 2532.,10.15, 9.44,-0.7068,-21.01,10.2369,-0.7969
  9206,215.6142, 15.085, 36.0, 2514., 9.71, 8.84,-0.8733,-19.60, 9.6717,-0.8317
240313,215.8708, 14.283, 34.8, 2423., 9.43, 9.00,-0.4271,-18.86, 9.3762,-0.3762
248932,215.9108, 14.425, 36.0, 2510., 7.91, 8.17, 0.2610,-15.01, 7.8342, 0.3358
244252,215.9321,  5.877, 23.8, 1640., 8.16, 7.73,-0.4310,-15.90, 8.1933,-0.4633
  9220,215.9558, 14.639, 36.3, 2537.,10.15, 9.29,-0.8556,-20.86,10.1765,-0.8865
248933,216.0617, 14.654, 38.3, 2684., 7.65, 8.30, 0.6547,-14.25, 7.5328, 0.7672
732931,216.0900, 26.336, 34.8, 2357., 8.54, 8.36,-0.1765,-16.71, 8.5161,-0.1561
  9225,216.1013,  8.276, 22.1, 1495., 8.60, 8.80, 0.1994,-16.87, 8.5814, 0.2186
248938,216.4867, 13.124, 32.4, 2249., 7.47, 8.26, 0.7864,-13.43, 7.2048, 1.0552
  9249,216.7492,  8.683, 23.5, 1596., 9.05, 9.19, 0.1380,-17.78, 8.9437, 0.2463
  9252,216.7950,  5.135, 26.1, 1821., 6.71, 8.57, 1.8648,-12.12, 6.6783, 1.8917
  9273,217.0454, 13.552, 22.8, 1509., 8.70, 8.43,-0.2696,-17.08, 8.6622,-0.2322
  9275,217.0771, 13.780, 22.8, 1509., 9.30, 9.50, 0.2033,-18.71, 9.3152, 0.1848
244386,217.2196, 12.582, 31.7, 2197., 8.03, 8.65, 0.6209,-15.47, 8.0192, 0.6308
  9305,217.4183,  4.063, 36.2, 2596., 8.83, 8.98, 0.1466,-17.21, 8.7163, 0.2637
249177,217.6325,  9.168, 34.7, 2447., 7.07, 8.19, 1.1152,-13.05, 7.0533, 1.1367
  9328,217.6650,  7.275, 23.4, 1596., 9.80, 9.44,-0.3603,-19.94, 9.8072,-0.3672
716018,217.7029,  7.157, 23.2, 1585., 7.72, 8.22, 0.4992,-14.63, 7.6840, 0.5360
  9345,217.9337,  6.158, 35.9, 2557., 9.18, 9.17,-0.0086,-18.15, 9.0929, 0.0771
240431,217.9683,  8.933, 34.3, 2416., 9.10, 9.20, 0.0964,-18.17, 9.1017, 0.0983
  9346,217.9892,  6.250, 36.3, 2582., 9.71, 9.82, 0.1082,-19.65, 9.6939, 0.1261
240438,218.0333,  6.189, 36.9, 2625., 8.66, 9.48, 0.8205,-16.99, 8.6299, 0.8501
249178,218.0346,  8.169, 35.5, 2506., 7.86, 8.27, 0.4098,-14.86, 7.7762, 0.4938
240441,218.0867,  9.934, 23.6, 1592., 8.73, 8.81, 0.0811,-17.36, 8.7765, 0.0335
  9352,218.1071,  8.079, 19.8, 2444., 9.72, 8.79,-0.9322,-19.82, 9.7601,-0.9701
249224,218.1263,  8.136, 33.0, 2319., 8.02, 8.23, 0.2101,-15.28, 7.9444, 0.2856
241275,218.1300, 11.552, 34.2, 2388., 7.56, 8.94, 1.3843,-12.90, 6.9933, 1.9467
  9353,218.1825,  9.891, 19.7, 1591., 9.42, 9.54, 0.1181,-19.07, 9.4603, 0.0797
241156,218.2200,  5.999, 35.2, 2503., 8.48, 9.06, 0.5793,-16.52, 8.4402, 0.6198
  9356,218.2229, 11.595, 35.0, 2446., 9.60, 9.63, 0.0345,-19.20, 9.5137, 0.1163
  9360,218.2883, 10.511, 34.9, 2446., 9.87, 9.18,-0.6912,-20.32, 9.9595,-0.7795
242165,218.3346, 26.998, 14.6, 1017., 6.46, 7.97, 1.5057,-13.03, 7.0434, 0.9266
  9364,218.3400,  6.877, 33.7, 2384., 9.29, 9.22,-0.0678,-18.55, 9.2539,-0.0339
  9363,218.3513,  4.450, 26.0, 1812., 9.57, 9.80, 0.2260,-19.59, 9.6677, 0.1323
244512,218.4050, 11.217, 30.1, 2081., 7.79, 7.90, 0.1119,-14.63, 7.6845, 0.2155
249180,218.4850, 10.795, 35.5, 2485., 7.60, 8.14, 0.5449,-14.28, 7.5421, 0.5979
  9380,218.6617,  4.260, 27.2, 1910., 8.61, 9.13, 0.5246,-16.93, 8.6031, 0.5269
244562,218.7838, 13.149, 31.1, 2139., 7.88, 8.07, 0.1947,-15.05, 7.8526, 0.2174
  9385,218.8450,  5.277, 26.7, 1862., 8.26, 9.19, 0.9295,-15.86, 8.1755, 1.0145
242042,218.8467,  9.501, 33.0, 2307., 8.28, 8.85, 0.5717,-15.51, 8.0360, 0.8140
  9389,218.8883, 12.908, 29.8, 2038., 9.57, 9.66, 0.0940,-19.16, 9.4960, 0.1640
  9394,218.9162, 13.170, 29.5, 2013., 9.15, 9.57, 0.4184,-18.06, 9.0578, 0.5122
243914,218.9208,  6.552, 38.4, 2728., 7.81, 8.62, 0.8100,-14.67, 7.6986, 0.9214
240523,219.1704, 11.577, 28.9, 1982., 8.59, 8.39,-0.1974,-16.47, 8.4200,-0.0300
  9436,219.7958,  5.363, 25.0, 1726.,10.14, 9.98,-0.1581,-21.16,10.2979,-0.3179
714204,219.8017,  9.135, 28.6, 1975., 8.47, 8.61, 0.1372,-16.75, 8.5323, 0.0777
749480,219.8467, 24.670, 30.7, 2034., 7.02, 8.46, 1.4380,-11.86, 6.5768, 1.8832
241893,219.9354,  5.353, 28.4, 1982., 8.33, 7.68,-0.6462,-16.31, 8.3552,-0.6752
249303,220.3300,  7.793, 28.6, 1981., 8.59, 8.28,-0.3123,-16.77, 8.5412,-0.2612
  9483,220.7413,  4.890, 26.6, 1850., 9.87, 9.47,-0.4018,-20.29, 9.9497,-0.4797
  9485,220.7617,  4.765, 27.5, 1916., 8.87, 9.09, 0.2216,-17.28, 8.7439, 0.3461
242618,220.8717,  4.531, 27.7, 1932., 8.37, 8.43, 0.0557,-16.08, 8.2644, 0.1656
749485,221.3338, 25.698, 21.6, 1367., 7.05, 7.71, 0.6601,-12.88, 6.9842, 0.7258
  9500,221.3392,  7.863, 27.6, 1900., 8.42, 9.21, 0.7852,-16.29, 8.3493, 0.8607
242625,221.5842,  4.733, 25.1, 1735., 7.86, 7.99, 0.1322,-14.73, 7.7240, 0.2660
242016,221.5988, 14.212, 29.4, 1988., 6.14, 9.03, 2.8865,-10.81, 6.1552, 2.8748
733094,221.6062, 27.830, 40.5, 2724., 8.07, 8.31, 0.2380,-15.57, 8.0617, 0.2483
240700,221.8683, 12.765, 29.8, 2025., 8.78, 8.41,-0.3670,-17.21, 8.7174,-0.3074
245015,222.1433,  5.431, 27.5, 1908., 8.40, 8.04,-0.3630,-15.69, 8.1098,-0.0698
  9535,222.1771, 12.457, 29.3, 1993., 9.48, 9.41,-0.0672,-19.33, 9.5649,-0.1549
249197,222.4612,  9.942, 29.4, 2010., 7.63, 8.06, 0.4319,-14.35, 7.5735, 0.4865
245076,223.1812, 11.672, 29.4, 1998., 8.41, 8.70, 0.2866,-16.22, 8.3190, 0.3810
249264,223.1796,  4.605, 26.0, 1793., 7.88, 7.83,-0.0459,-14.77, 7.7404, 0.0896
733302,224.4142, 26.665, 23.0, 1440., 8.57, 8.67, 0.0983,-16.71, 8.5161, 0.1539
736339,224.5367,  6.746, 27.1, 1855., 7.76, 7.96, 0.2021,-14.67, 7.7017, 0.2583
241727,224.6575,  6.775, 27.3, 1867., 8.69, 8.98, 0.2900,-17.12, 8.6812, 0.2988
  9676,225.8775, 27.825, 45.3, 3038., 9.22, 9.21,-0.0121,-18.52, 9.2399,-0.0299
  9739,227.2304, 25.734, 24.2, 1514., 8.66, 9.05, 0.3862,-16.92, 8.5997, 0.4503
733593,228.1696, 25.634, 24.5, 1530., 8.13, 8.50, 0.3735,-15.63, 8.0837, 0.4163
258278,228.1883,  6.164, 24.7, 1663., 7.40, 7.91, 0.5131,-13.75, 7.3338, 0.5762
749345,229.7787, 27.640, 32.3, 2074., 6.84, 8.58, 1.7382,-12.23, 6.7260, 1.8540
252596,229.9496,  3.978, 27.6, 1880., 8.14, 8.32, 0.1842,-15.31, 7.9559, 0.3641
257898,230.2475, 12.181, 20.5, 1318., 7.97, 8.12, 0.1482,-15.10, 7.8736, 0.2464
  9824,230.4854,  5.070, 14.0, 1644., 9.50, 9.17,-0.3290,-19.49, 9.6298,-0.4598
258471,230.6613,  5.829, 28.9, 1958., 6.74, 7.94, 1.2049,-12.03, 6.6431, 1.2969
  9830,230.7533,  4.529, 29.3, 1993., 9.06, 8.89,-0.1665,-18.21, 9.1162,-0.2262
258405,231.0479,  7.488, 29.3, 1973., 8.62, 8.55,-0.0707,-16.65, 8.4938, 0.0562
258126,231.0533, 11.693, 43.9, 2992., 8.96, 9.27, 0.3061,-17.69, 8.9093, 0.3607
258127,231.1371,  8.516, 29.9, 2003., 7.56, 8.46, 0.8984,-14.51, 7.6350, 0.8250
  9845,231.5225,  9.204, 33.1, 2047., 9.24, 9.35, 0.1113,-18.39, 9.1886, 0.1614
749347,231.8617, 26.541, 33.1, 2123., 7.93, 7.98, 0.0511,-15.01, 7.8373, 0.1427
251585,231.9354,  9.699, 29.5, 1964., 8.52, 7.96,-0.5578,-16.69, 8.5071,-0.5471
258413,232.2504,  7.471, 34.2, 2316., 6.80, 8.39, 1.5867,-10.45, 6.0136, 2.3764
749348,232.3712, 26.007, 33.0, 2112., 8.82, 9.32, 0.5004,-17.09, 8.6665, 0.6535
727130,232.4508, 26.088, 33.4, 2140., 8.43, 8.73, 0.2957,-16.33, 8.3636, 0.3664
252652,232.6050, 27.269, 33.5, 2141., 6.29, 8.71, 2.4205,-10.99, 6.2288, 2.4812
733735,232.7225, 27.149, 32.9, 2099., 8.74, 8.62,-0.1186,-16.93, 8.6043, 0.0157
252522,232.7754,  3.830, 28.3, 1915., 8.27, 8.73, 0.4578,-15.96, 8.2167, 0.5133
252085,232.9125, 15.592, 29.4, 1904., 8.61, 8.75, 0.1440,-16.71, 8.5173, 0.2327
253922,233.0542, 12.023, 45.8, 3110., 7.87, 8.41, 0.5400,-14.69, 7.7090, 0.7010
  9895,233.4296, 15.007, 29.5, 1912.,10.14, 9.65,-0.4864,-20.53,10.0445,-0.3945
253923,233.4954, 12.064, 41.3, 2785., 8.01, 8.08, 0.0694,-15.08, 7.8657, 0.2143
258420,233.5396,  7.192, 34.4, 2324., 7.53, 8.15, 0.6192,-14.42, 7.6012, 0.5488
  9902,233.6375, 15.133, 28.3, 1828., 7.99, 8.92, 0.9317,-15.46, 8.0147, 0.9053
  9904,233.6458, 15.200, 32.2, 2104., 9.87, 9.38,-0.4940,-20.14, 9.8865,-0.5065
257920,233.6942, 12.447, 41.9, 2824., 8.71, 8.67,-0.0381,-17.01, 8.6350, 0.0350
  9908,233.7442, 11.750, 31.0, 2039., 9.86, 9.26,-0.5964,-20.32, 9.9594,-0.6994
257921,233.7829, 12.337, 30.2, 1979., 8.32, 8.22,-0.0977,-16.09, 8.2677,-0.0477
258136,233.8229,  9.447, 43.8, 2976., 6.68, 8.65, 1.9654,-12.42, 6.8009, 1.8491
  9915,233.8467, 12.047, 30.0, 1965., 9.95, 9.71,-0.2364,-20.58,10.0644,-0.3544
257923,233.9242, 13.218, 46.9, 3173., 8.39, 9.11, 0.7167,-16.74, 8.5271, 0.5829
  9935,234.4008,  5.974, 24.1, 1587., 9.75, 9.69,-0.0640,-19.68, 9.7043,-0.0143
  9941,234.5912, 12.961, 30.5, 1992., 8.78, 9.39, 0.6065,-17.25, 8.7333, 0.6567
  9943,234.6246, 12.187, 31.8, 2087.,10.28, 9.70,-0.5777,-21.37,10.3785,-0.6785
257927,234.6525, 13.517, 38.1, 2534., 7.28, 8.40, 1.1155,-13.74, 7.3262, 1.0738
257929,234.7392, 12.549, 29.3, 1904., 7.00, 8.63, 1.6304,-13.72, 7.3211, 1.3089
749349,234.7975, 26.025, 30.6, 1920., 7.54, 8.02, 0.4797,-14.16, 7.4979, 0.5221
  9951,234.8333, 15.384, 32.7, 2130., 8.88, 9.02, 0.1355,-17.44, 8.8099, 0.2101
257930,235.0658, 14.808, 47.4, 3185., 8.67, 8.70, 0.0321,-17.06, 8.6552, 0.0448
258331,235.2762,  4.753, 31.4, 2114., 8.05, 7.76,-0.2877,-15.50, 8.0335,-0.2735
258332,235.4875,  4.580, 31.3, 2109., 7.98, 8.04, 0.0646,-15.27, 7.9406, 0.0994
258151,235.7137,  9.153, 34.3, 2281., 8.24, 8.66, 0.4201,-16.09, 8.2682, 0.3918
  9987,235.7208, 14.232, 20.0, 1228., 9.63, 9.18,-0.4533,-19.49, 9.6297,-0.4497
  9991,235.8496, 14.436, 31.7, 2057., 9.10, 9.30, 0.2038,-18.10, 9.0721, 0.2279
257937,236.3617, 16.222, 44.6, 2965., 7.90, 9.01, 1.1101,-15.65, 8.0928, 0.9172
 10009,236.4058,  4.183, 32.8, 2212., 8.63, 8.64, 0.0053,-17.07, 8.6592,-0.0192
 10021,236.4146, 28.088, 36.3, 2248., 9.66, 9.36,-0.3025,-19.63, 9.6821,-0.3221
 10014,236.4333, 12.511, 38.9, 1245., 8.78, 9.90, 1.1229,-17.06, 8.6542, 1.2458
257938,236.4525, 15.516, 36.1, 2361., 8.13, 8.40, 0.2717,-15.38, 7.9857, 0.4143
 10023,236.5408,  6.898, 23.7, 1532., 8.74, 8.96, 0.2246,-17.12, 8.6799, 0.2801
749350,236.6808, 28.162, 35.0, 2207., 7.90, 8.31, 0.4074,-14.62, 7.6792, 0.6308
257943,236.9138, 16.283, 34.2, 2212., 8.29, 8.88, 0.5904,-16.19, 8.3090, 0.5710
 10041,237.2554,  5.189, 35.8, 2294., 6.45,10.00, 3.5458,-13.05, 7.0518, 2.9482
251262,237.2571, 27.610, 35.9, 2270., 9.15, 9.27, 0.1234,-18.28, 9.1427, 0.1273
252481,237.4525, 27.138, 35.8, 2263., 8.83, 8.35,-0.4792,-17.48, 8.8231,-0.4731
258343,237.4917,  5.517, 31.2, 2072., 8.06, 8.17, 0.1099,-15.31, 7.9553, 0.2147
 10058,237.6004, 25.923, 69.5, 2240., 9.24, 9.89, 0.6466,-18.55, 9.2508, 0.6392
733791,237.7908, 25.826, 36.0, 2285., 8.25, 8.13,-0.1209,-15.94, 8.2095,-0.0795
 10061,237.8125, 16.329, 34.4, 2221., 7.93, 8.90, 0.9666,-14.18, 7.5043, 1.3957
 10083,238.5575, 14.601, 30.7, 1960., 9.94, 9.72,-0.2179,-20.50,10.0331,-0.3131
254132,239.0071, 26.284, 42.1, 2704., 8.27, 8.32, 0.0468,-15.99, 8.2267, 0.0933
258348,239.0100,  5.457, 36.2, 2421., 7.77, 8.46, 0.6854,-14.98, 7.8231, 0.6369
258349,239.1542,  5.969, 30.0, 1975., 7.77, 8.64, 0.8659,-15.17, 7.9015, 0.7385
252891,239.1533,  6.194, 31.0, 2045., 8.40, 8.73, 0.3318,-15.93, 8.2027, 0.5273
258429,239.8071,  6.787, 38.6, 2576., 8.44, 8.54, 0.0989,-16.42, 8.4003, 0.1397
258430,239.9812,  6.884, 25.9, 1665., 7.83, 8.00, 0.1668,-14.86, 7.7757, 0.2243
262396,240.0904, 11.495, 41.5, 2743., 7.72, 8.59, 0.8671,-14.60, 7.6723, 0.9177
716496,240.4517,  6.838, 28.6, 1858., 8.02, 8.47, 0.4531,-14.84, 7.7688, 0.7012
261969,241.5092,  8.507, 23.4, 1465., 8.65, 8.92, 0.2684,-16.89, 8.5900, 0.3300
261313,241.6708,  6.581, 28.7, 1852., 9.01, 8.64,-0.3719,-17.89, 8.9889,-0.3489
262533,241.7125,  8.158, 43.7, 2907., 8.82, 8.60,-0.2228,-17.44, 8.8083,-0.2083
 10210,241.8042,  7.979, 37.5, 2943., 9.96, 9.45,-0.5135,-20.40, 9.9902,-0.5402
 10219,242.0708,  7.538, 21.9, 1463., 9.37, 9.30,-0.0690,-18.86, 9.3742,-0.0742
 10225,242.3362,  8.762, 47.1, 3141., 9.68, 9.82, 0.1373,-19.70, 9.7125, 0.1075
268216,243.0854,  6.544, 28.3, 1811., 7.15, 8.34, 1.1892,-12.98, 7.0243, 1.3157
261941,244.1854, 16.086, 36.6, 2321., 7.55, 8.78, 1.2308,-14.32, 7.5605, 1.2195
 10328,244.6971,  7.411, 24.7, 1526., 7.73, 9.60, 1.8685,-14.60, 7.6708, 1.9292
 10419,247.5246, 27.700, 42.5, 2651., 8.53, 9.37, 0.8423,-16.61, 8.4775, 0.8925
268225,247.6929,  6.749, 34.2, 2192., 7.33, 8.36, 1.0296,-13.74, 7.3266, 1.0334
749369,248.1400, 27.458, 42.4, 2638., 8.59, 9.17, 0.5829,-17.18, 8.7048, 0.4652
262734,248.6029, 24.961, 19.1, 1042., 7.42, 7.35,-0.0742,-13.96, 7.4164,-0.0664
321434,341.9333, 30.753, 14.1,  525., 7.87, 7.62,-0.2491,-15.19, 7.9096,-0.2896
748719,342.1658, 14.806, 48.6, 2945., 8.07, 8.45, 0.3778,-15.19, 7.9067, 0.5433
 12205,342.4362, 15.089, 49.9, 3038., 9.06, 9.44, 0.3767,-17.86, 8.9763, 0.4637
 12212,342.6258, 29.138, 24.3,  553., 8.70, 9.34, 0.6437,-16.75, 8.5336, 0.8064
321492,343.3475, 29.014, 30.8, 1710., 7.69, 7.73, 0.0357,-14.89, 7.7874,-0.0574
321493,343.3954, 29.027, 45.3, 2731., 8.36, 8.72, 0.3595,-15.96, 8.2179, 0.5021
321166,343.9554, 14.754, 41.3, 2442., 8.27, 8.62, 0.3495,-15.78, 8.1421, 0.4779
320926,343.9937, 26.169, 39.2, 2300., 8.32, 8.92, 0.6007,-16.06, 8.2558, 0.6642
321194,344.2667, 25.725, 16.5,  701., 7.99, 8.48, 0.4911,-15.27, 7.9414, 0.5386
320466,344.3396, 27.981, 43.3, 2601., 8.33, 9.13, 0.7976,-14.97, 7.8201, 1.3099
 12270,344.5421, 14.308, 31.4, 1750., 9.47, 9.21,-0.2612,-19.10, 9.4739,-0.2639
 12308,345.3275, 14.339, 32.8, 1856., 9.36, 9.84, 0.4762,-18.71, 9.3169, 0.5231
 12340,346.1408, 27.156, 16.5,  710., 8.39, 8.71, 0.3221,-10.04, 5.8460, 2.8640
332399,346.2967, 14.063, 23.4, 1199., 8.28, 8.13,-0.1520,-16.02, 8.2382,-0.1082
332413,346.5629, 14.658, 22.9, 1171., 8.12, 8.64, 0.5230,-15.61, 8.0777, 0.5624
748756,349.5796, 16.150, 42.3, 2553., 7.81, 8.28, 0.4733,-14.98, 7.8257, 0.4543
748765,350.9312, 14.428, 50.0, 3107., 7.74, 8.63, 0.8892,-14.75, 7.7328, 0.8972
331776,351.5275, 14.264, 41.2, 2495., 6.72, 8.34, 1.6190,-11.92, 6.6019, 1.7381
 12613,352.1508, 14.743,  0.9, -547., 4.59, 6.62, 2.0283, -7.16, 4.6969, 1.9231
333310,357.4446, 24.133, 23.8, 1301., 8.07, 8.27, 0.1951,-15.52, 8.0411, 0.2289
333221,359.5896, 27.283, 41.0, 2560., 7.73, 8.60, 0.8690,-14.70, 7.7129, 0.8871
333253,359.8662, 15.024, 24.6, 1371., 7.58, 8.48, 0.9019,-10.34, 5.9670, 2.5130
 12885,359.9042, 14.807, 24.7, 1379., 9.62, 9.72, 0.1034,-19.16, 9.4961, 0.2239
